day;timestamp;buyer;seller;symbol;currency;price;quantity;timestamp_in_day
-2;700;;;ASH_COATED_OSMIUM;XIRECS;9990.0;6;700
-2;900;;;ASH_COATED_OSMIUM;XIRECS;9998.0;2;900
-2;2500;;;ASH_COATED_OSMIUM;XIRECS;10011.0;8;2500
-2;6100;;;ASH_COATED_OSMIUM;XIRECS;10013.0;8;6100
-2;12900;;;ASH_COATED_OSMIUM;XIRECS;10001.0;9;12900
-2;13800;;;ASH_COATED_OSMIUM;XIRECS;10017.0;3;13800
-2;15000;;;ASH_COATED_OSMIUM;XIRECS;10016.0;3;15000
-2;15100;;;ASH_COATED_OSMIUM;XIRECS;10016.0;5;15100
-2;15900;;;ASH_COATED_OSMIUM;XIRECS;9995.0;9;15900
-2;17400;;;ASH_COATED_OSMIUM;XIRECS;10014.0;4;17400
-2;18400;;;ASH_COATED_OSMIUM;XIRECS;10018.0;4;18400
-2;24000;;;ASH_COATED_OSMIUM;XIRECS;10013.0;6;24000
-2;28700;;;ASH_COATED_OSMIUM;XIRECS;10011.0;2;28700
-2;28800;;;ASH_COATED_OSMIUM;XIRECS;10011.0;10;28800
-2;30700;;;ASH_COATED_OSMIUM;XIRECS;10012.0;6;30700
-2;32400;;;ASH_COATED_OSMIUM;XIRECS;10005.0;4;32400
-2;33000;;;ASH_COATED_OSMIUM;XIRECS;10013.0;9;33000
-2;36600;;;ASH_COATED_OSMIUM;XIRECS;9997.0;6;36600
-2;36700;;;ASH_COATED_OSMIUM;XIRECS;10012.0;10;36700
-2;40500;;;ASH_COATED_OSMIUM;XIRECS;9997.0;2;40500
-2;42000;;;ASH_COATED_OSMIUM;XIRECS;10006.0;4;42000
-2;44200;;;ASH_COATED_OSMIUM;XIRECS;10014.0;2;44200
-2;45600;;;ASH_COATED_OSMIUM;XIRECS;10011.0;4;45600
-2;48000;;;ASH_COATED_OSMIUM;XIRECS;10014.0;10;48000
-2;50000;;;ASH_COATED_OSMIUM;XIRECS;10008.0;3;50000
-2;50800;;;ASH_COATED_OSMIUM;XIRECS;10015.0;5;50800
-2;51400;;;ASH_COATED_OSMIUM;XIRECS;10018.0;8;51400
-2;53800;;;ASH_COATED_OSMIUM;XIRECS;9999.0;10;53800
-2;55900;;;ASH_COATED_OSMIUM;XIRECS;10013.0;6;55900
-2;57600;;;ASH_COATED_OSMIUM;XIRECS;9998.0;6;57600
-2;67300;;;ASH_COATED_OSMIUM;XIRECS;9989.0;8;67300
-2;69400;;;ASH_COATED_OSMIUM;XIRECS;9987.0;5;69400
-2;71700;;;ASH_COATED_OSMIUM;XIRECS;9990.0;8;71700
-2;72900;;;ASH_COATED_OSMIUM;XIRECS;9990.0;9;72900
-2;73900;;;ASH_COATED_OSMIUM;XIRECS;9991.0;7;73900
-2;74500;;;ASH_COATED_OSMIUM;XIRECS;10007.0;9;74500
-2;76000;;;ASH_COATED_OSMIUM;XIRECS;10008.0;7;76000
-2;79600;;;ASH_COATED_OSMIUM;XIRECS;10008.0;6;79600
-2;81200;;;ASH_COATED_OSMIUM;XIRECS;9991.0;6;81200
-2;84600;;;ASH_COATED_OSMIUM;XIRECS;9990.0;2;84600
-2;86100;;;ASH_COATED_OSMIUM;XIRECS;10007.0;6;86100
-2;86200;;;ASH_COATED_OSMIUM;XIRECS;9991.0;4;86200
-2;94000;;;ASH_COATED_OSMIUM;XIRECS;10004.0;8;94000
-2;94400;;;ASH_COATED_OSMIUM;XIRECS;10004.0;3;94400
-2;96300;;;ASH_COATED_OSMIUM;XIRECS;10006.0;8;96300
-2;97200;;;ASH_COATED_OSMIUM;XIRECS;9994.0;4;97200
-2;97600;;;ASH_COATED_OSMIUM;XIRECS;9999.0;3;97600
-2;98200;;;ASH_COATED_OSMIUM;XIRECS;9990.0;3;98200
-2;100100;;;ASH_COATED_OSMIUM;XIRECS;9993.0;3;100100
-2;101700;;;ASH_COATED_OSMIUM;XIRECS;10001.0;5;101700
-2;103900;;;ASH_COATED_OSMIUM;XIRECS;10004.0;4;103900
-2;105100;;;ASH_COATED_OSMIUM;XIRECS;9990.0;8;105100
-2;105200;;;ASH_COATED_OSMIUM;XIRECS;10005.0;3;105200
-2;106000;;;ASH_COATED_OSMIUM;XIRECS;9989.0;4;106000
-2;107900;;;ASH_COATED_OSMIUM;XIRECS;9991.0;6;107900
-2;108800;;;ASH_COATED_OSMIUM;XIRECS;9990.0;9;108800
-2;111800;;;ASH_COATED_OSMIUM;XIRECS;9989.0;6;111800
-2;113300;;;ASH_COATED_OSMIUM;XIRECS;9995.0;5;113300
-2;113500;;;ASH_COATED_OSMIUM;XIRECS;10010.0;4;113500
-2;114100;;;ASH_COATED_OSMIUM;XIRECS;10011.0;10;114100
-2;118900;;;ASH_COATED_OSMIUM;XIRECS;9993.0;3;118900
-2;119100;;;ASH_COATED_OSMIUM;XIRECS;10010.0;4;119100
-2;120000;;;ASH_COATED_OSMIUM;XIRECS;10010.0;8;120000
-2;120900;;;ASH_COATED_OSMIUM;XIRECS;10010.0;6;120900
-2;122900;;;ASH_COATED_OSMIUM;XIRECS;9991.0;3;122900
-2;125200;;;ASH_COATED_OSMIUM;XIRECS;10007.0;3;125200
-2;125400;;;ASH_COATED_OSMIUM;XIRECS;9990.0;3;125400
-2;133100;;;ASH_COATED_OSMIUM;XIRECS;9991.0;8;133100
-2;135800;;;ASH_COATED_OSMIUM;XIRECS;9992.0;2;135800
-2;137500;;;ASH_COATED_OSMIUM;XIRECS;9992.0;5;137500
-2;139000;;;ASH_COATED_OSMIUM;XIRECS;9988.0;6;139000
-2;149800;;;ASH_COATED_OSMIUM;XIRECS;10007.0;6;149800
-2;157000;;;ASH_COATED_OSMIUM;XIRECS;10005.0;3;157000
-2;160300;;;ASH_COATED_OSMIUM;XIRECS;10004.0;5;160300
-2;161600;;;ASH_COATED_OSMIUM;XIRECS;10005.0;2;161600
-2;173600;;;ASH_COATED_OSMIUM;XIRECS;9992.0;5;173600
-2;174200;;;ASH_COATED_OSMIUM;XIRECS;10007.0;3;174200
-2;175000;;;ASH_COATED_OSMIUM;XIRECS;9998.0;3;175000
-2;175400;;;ASH_COATED_OSMIUM;XIRECS;10011.0;4;175400
-2;179600;;;ASH_COATED_OSMIUM;XIRECS;10009.0;10;179600
-2;183600;;;ASH_COATED_OSMIUM;XIRECS;10010.0;10;183600
-2;184400;;;ASH_COATED_OSMIUM;XIRECS;10010.0;5;184400
-2;184800;;;ASH_COATED_OSMIUM;XIRECS;9993.0;2;184800
-2;186400;;;ASH_COATED_OSMIUM;XIRECS;9992.0;5;186400
-2;190100;;;ASH_COATED_OSMIUM;XIRECS;10009.0;3;190100
-2;190800;;;ASH_COATED_OSMIUM;XIRECS;9991.0;6;190800
-2;192800;;;ASH_COATED_OSMIUM;XIRECS;10006.0;5;192800
-2;194700;;;ASH_COATED_OSMIUM;XIRECS;9989.0;9;194700
-2;197100;;;ASH_COATED_OSMIUM;XIRECS;9987.0;3;197100
-2;200600;;;ASH_COATED_OSMIUM;XIRECS;10000.0;6;200600
-2;202700;;;ASH_COATED_OSMIUM;XIRECS;9987.0;2;202700
-2;203500;;;ASH_COATED_OSMIUM;XIRECS;9996.0;3;203500
-2;206500;;;ASH_COATED_OSMIUM;XIRECS;9985.0;3;206500
-2;207600;;;ASH_COATED_OSMIUM;XIRECS;10003.0;2;207600
-2;208500;;;ASH_COATED_OSMIUM;XIRECS;10003.0;9;208500
-2;211000;;;ASH_COATED_OSMIUM;XIRECS;9987.0;2;211000
-2;216000;;;ASH_COATED_OSMIUM;XIRECS;9990.0;6;216000
-2;216600;;;ASH_COATED_OSMIUM;XIRECS;10006.0;5;216600
-2;220300;;;ASH_COATED_OSMIUM;XIRECS;10000.0;2;220300
-2;221200;;;ASH_COATED_OSMIUM;XIRECS;9992.0;3;221200
-2;224200;;;ASH_COATED_OSMIUM;XIRECS;10009.0;4;224200
-2;225700;;;ASH_COATED_OSMIUM;XIRECS;10007.0;4;225700
-2;232000;;;ASH_COATED_OSMIUM;XIRECS;10006.0;4;232000
-2;232100;;;ASH_COATED_OSMIUM;XIRECS;9990.0;2;232100
-2;236400;;;ASH_COATED_OSMIUM;XIRECS;10006.0;9;236400
-2;236600;;;ASH_COATED_OSMIUM;XIRECS;9990.0;10;236600
-2;236800;;;ASH_COATED_OSMIUM;XIRECS;10006.0;2;236800
-2;242400;;;ASH_COATED_OSMIUM;XIRECS;10008.0;5;242400
-2;242600;;;ASH_COATED_OSMIUM;XIRECS;10005.0;4;242600
-2;244000;;;ASH_COATED_OSMIUM;XIRECS;10005.0;2;244000
-2;245900;;;ASH_COATED_OSMIUM;XIRECS;9990.0;3;245900
-2;249700;;;ASH_COATED_OSMIUM;XIRECS;9990.0;4;249700
-2;253000;;;ASH_COATED_OSMIUM;XIRECS;10007.0;2;253000
-2;254100;;;ASH_COATED_OSMIUM;XIRECS;10000.0;4;254100
-2;254400;;;ASH_COATED_OSMIUM;XIRECS;9995.0;2;254400
-2;255200;;;ASH_COATED_OSMIUM;XIRECS;9989.0;2;255200
-2;257500;;;ASH_COATED_OSMIUM;XIRECS;10004.0;5;257500
-2;260000;;;ASH_COATED_OSMIUM;XIRECS;10003.0;7;260000
-2;260800;;;ASH_COATED_OSMIUM;XIRECS;9987.0;3;260800
-2;261600;;;ASH_COATED_OSMIUM;XIRECS;10003.0;4;261600
-2;263500;;;ASH_COATED_OSMIUM;XIRECS;9986.0;3;263500
-2;269500;;;ASH_COATED_OSMIUM;XIRECS;10002.0;2;269500
-2;274300;;;ASH_COATED_OSMIUM;XIRECS;9985.0;5;274300
-2;281200;;;ASH_COATED_OSMIUM;XIRECS;9983.0;3;281200
-2;281300;;;ASH_COATED_OSMIUM;XIRECS;9983.0;4;281300
-2;281600;;;ASH_COATED_OSMIUM;XIRECS;10000.0;5;281600
-2;282600;;;ASH_COATED_OSMIUM;XIRECS;10002.0;6;282600
-2;285400;;;ASH_COATED_OSMIUM;XIRECS;9987.0;10;285400
-2;288300;;;ASH_COATED_OSMIUM;XIRECS;10001.0;7;288300
-2;289400;;;ASH_COATED_OSMIUM;XIRECS;9986.0;6;289400
-2;291200;;;ASH_COATED_OSMIUM;XIRECS;9986.0;7;291200
-2;292200;;;ASH_COATED_OSMIUM;XIRECS;9986.0;2;292200
-2;295400;;;ASH_COATED_OSMIUM;XIRECS;10001.0;6;295400
-2;297600;;;ASH_COATED_OSMIUM;XIRECS;10003.0;6;297600
-2;298600;;;ASH_COATED_OSMIUM;XIRECS;10006.0;2;298600
-2;300000;;;ASH_COATED_OSMIUM;XIRECS;10000.0;6;300000
-2;300900;;;ASH_COATED_OSMIUM;XIRECS;9982.0;10;300900
-2;302000;;;ASH_COATED_OSMIUM;XIRECS;9981.0;6;302000
-2;303700;;;ASH_COATED_OSMIUM;XIRECS;10000.0;5;303700
-2;304000;;;ASH_COATED_OSMIUM;XIRECS;10000.0;5;304000
-2;306100;;;ASH_COATED_OSMIUM;XIRECS;9985.0;9;306100
-2;306400;;;ASH_COATED_OSMIUM;XIRECS;10001.0;7;306400
-2;313700;;;ASH_COATED_OSMIUM;XIRECS;10000.0;4;313700
-2;314200;;;ASH_COATED_OSMIUM;XIRECS;10000.0;4;314200
-2;315300;;;ASH_COATED_OSMIUM;XIRECS;10000.0;6;315300
-2;316200;;;ASH_COATED_OSMIUM;XIRECS;9985.0;3;316200
-2;318800;;;ASH_COATED_OSMIUM;XIRECS;9986.0;7;318800
-2;321100;;;ASH_COATED_OSMIUM;XIRECS;10002.0;6;321100
-2;324600;;;ASH_COATED_OSMIUM;XIRECS;10002.0;6;324600
-2;330800;;;ASH_COATED_OSMIUM;XIRECS;9982.0;6;330800
-2;333400;;;ASH_COATED_OSMIUM;XIRECS;9983.0;10;333400
-2;333600;;;ASH_COATED_OSMIUM;XIRECS;9999.0;5;333600
-2;346700;;;ASH_COATED_OSMIUM;XIRECS;9979.0;3;346700
-2;349500;;;ASH_COATED_OSMIUM;XIRECS;9999.0;6;349500
-2;351800;;;ASH_COATED_OSMIUM;XIRECS;10003.0;4;351800
-2;354200;;;ASH_COATED_OSMIUM;XIRECS;9986.0;6;354200
-2;354700;;;ASH_COATED_OSMIUM;XIRECS;10003.0;4;354700
-2;355900;;;ASH_COATED_OSMIUM;XIRECS;10006.0;6;355900
-2;361700;;;ASH_COATED_OSMIUM;XIRECS;10005.0;2;361700
-2;364000;;;ASH_COATED_OSMIUM;XIRECS;10007.0;9;364000
-2;367100;;;ASH_COATED_OSMIUM;XIRECS;10007.0;5;367100
-2;368100;;;ASH_COATED_OSMIUM;XIRECS;10009.0;6;368100
-2;370400;;;ASH_COATED_OSMIUM;XIRECS;9993.0;6;370400
-2;370700;;;ASH_COATED_OSMIUM;XIRECS;9993.0;8;370700
-2;372600;;;ASH_COATED_OSMIUM;XIRECS;9990.0;6;372600
-2;377800;;;ASH_COATED_OSMIUM;XIRECS;10008.0;7;377800
-2;379600;;;ASH_COATED_OSMIUM;XIRECS;9994.0;2;379600
-2;385000;;;ASH_COATED_OSMIUM;XIRECS;10005.0;4;385000
-2;387100;;;ASH_COATED_OSMIUM;XIRECS;10010.0;3;387100
-2;387100;;;ASH_COATED_OSMIUM;XIRECS;9994.0;5;387100
-2;390000;;;ASH_COATED_OSMIUM;XIRECS;9995.0;5;390000
-2;391500;;;ASH_COATED_OSMIUM;XIRECS;9992.0;7;391500
-2;394100;;;ASH_COATED_OSMIUM;XIRECS;10013.0;7;394100
-2;395900;;;ASH_COATED_OSMIUM;XIRECS;9996.0;3;395900
-2;396400;;;ASH_COATED_OSMIUM;XIRECS;9996.0;8;396400
-2;399900;;;ASH_COATED_OSMIUM;XIRECS;9995.0;9;399900
-2;401400;;;ASH_COATED_OSMIUM;XIRECS;9995.0;6;401400
-2;402300;;;ASH_COATED_OSMIUM;XIRECS;10014.0;7;402300
-2;403200;;;ASH_COATED_OSMIUM;XIRECS;9999.0;5;403200
-2;404200;;;ASH_COATED_OSMIUM;XIRECS;10010.0;6;404200
-2;412200;;;ASH_COATED_OSMIUM;XIRECS;9997.0;2;412200
-2;414900;;;ASH_COATED_OSMIUM;XIRECS;9998.0;8;414900
-2;416800;;;ASH_COATED_OSMIUM;XIRECS;10018.0;9;416800
-2;417000;;;ASH_COATED_OSMIUM;XIRECS;10000.0;6;417000
-2;418000;;;ASH_COATED_OSMIUM;XIRECS;10018.0;6;418000
-2;436300;;;ASH_COATED_OSMIUM;XIRECS;9999.0;3;436300
-2;438600;;;ASH_COATED_OSMIUM;XIRECS;9995.0;6;438600
-2;439300;;;ASH_COATED_OSMIUM;XIRECS;9992.0;10;439300
-2;441100;;;ASH_COATED_OSMIUM;XIRECS;9994.0;7;441100
-2;444100;;;ASH_COATED_OSMIUM;XIRECS;10008.0;4;444100
-2;447000;;;ASH_COATED_OSMIUM;XIRECS;10009.0;9;447000
-2;449800;;;ASH_COATED_OSMIUM;XIRECS;9989.0;3;449800
-2;450700;;;ASH_COATED_OSMIUM;XIRECS;10007.0;6;450700
-2;452000;;;ASH_COATED_OSMIUM;XIRECS;10006.0;2;452000
-2;453900;;;ASH_COATED_OSMIUM;XIRECS;9992.0;2;453900
-2;454100;;;ASH_COATED_OSMIUM;XIRECS;10007.0;6;454100
-2;454200;;;ASH_COATED_OSMIUM;XIRECS;9997.0;3;454200
-2;454800;;;ASH_COATED_OSMIUM;XIRECS;9993.0;4;454800
-2;455100;;;ASH_COATED_OSMIUM;XIRECS;9993.0;7;455100
-2;455800;;;ASH_COATED_OSMIUM;XIRECS;9993.0;5;455800
-2;460600;;;ASH_COATED_OSMIUM;XIRECS;10010.0;6;460600
-2;462400;;;ASH_COATED_OSMIUM;XIRECS;10010.0;6;462400
-2;463200;;;ASH_COATED_OSMIUM;XIRECS;9993.0;3;463200
-2;469900;;;ASH_COATED_OSMIUM;XIRECS;9992.0;2;469900
-2;472500;;;ASH_COATED_OSMIUM;XIRECS;9994.0;5;472500
-2;473000;;;ASH_COATED_OSMIUM;XIRECS;10010.0;5;473000
-2;475900;;;ASH_COATED_OSMIUM;XIRECS;10009.0;5;475900
-2;479000;;;ASH_COATED_OSMIUM;XIRECS;9991.0;2;479000
-2;479500;;;ASH_COATED_OSMIUM;XIRECS;10010.0;4;479500
-2;481100;;;ASH_COATED_OSMIUM;XIRECS;9995.0;3;481100
-2;481400;;;ASH_COATED_OSMIUM;XIRECS;9994.0;6;481400
-2;483200;;;ASH_COATED_OSMIUM;XIRECS;10011.0;3;483200
-2;485200;;;ASH_COATED_OSMIUM;XIRECS;10012.0;4;485200
-2;486000;;;ASH_COATED_OSMIUM;XIRECS;9992.0;4;486000
-2;491100;;;ASH_COATED_OSMIUM;XIRECS;10003.0;2;491100
-2;493600;;;ASH_COATED_OSMIUM;XIRECS;9986.0;3;493600
-2;495400;;;ASH_COATED_OSMIUM;XIRECS;10005.0;3;495400
-2;496700;;;ASH_COATED_OSMIUM;XIRECS;9988.0;3;496700
-2;498400;;;ASH_COATED_OSMIUM;XIRECS;9985.0;4;498400
-2;499700;;;ASH_COATED_OSMIUM;XIRECS;10002.0;9;499700
-2;503300;;;ASH_COATED_OSMIUM;XIRECS;9983.0;3;503300
-2;504200;;;ASH_COATED_OSMIUM;XIRECS;9986.0;6;504200
-2;506600;;;ASH_COATED_OSMIUM;XIRECS;9984.0;7;506600
-2;512400;;;ASH_COATED_OSMIUM;XIRECS;10000.0;7;512400
-2;515100;;;ASH_COATED_OSMIUM;XIRECS;9984.0;6;515100
-2;515800;;;ASH_COATED_OSMIUM;XIRECS;9982.0;6;515800
-2;516500;;;ASH_COATED_OSMIUM;XIRECS;9997.0;3;516500
-2;517000;;;ASH_COATED_OSMIUM;XIRECS;9998.0;4;517000
-2;524900;;;ASH_COATED_OSMIUM;XIRECS;9986.0;3;524900
-2;525600;;;ASH_COATED_OSMIUM;XIRECS;9986.0;8;525600
-2;526400;;;ASH_COATED_OSMIUM;XIRECS;10006.0;4;526400
-2;526900;;;ASH_COATED_OSMIUM;XIRECS;9986.0;6;526900
-2;528200;;;ASH_COATED_OSMIUM;XIRECS;9986.0;4;528200
-2;528400;;;ASH_COATED_OSMIUM;XIRECS;10002.0;6;528400
-2;529500;;;ASH_COATED_OSMIUM;XIRECS;9987.0;9;529500
-2;530500;;;ASH_COATED_OSMIUM;XIRECS;10003.0;4;530500
-2;531300;;;ASH_COATED_OSMIUM;XIRECS;9987.0;6;531300
-2;532800;;;ASH_COATED_OSMIUM;XIRECS;9992.0;2;532800
-2;532900;;;ASH_COATED_OSMIUM;XIRECS;10002.0;4;532900
-2;534200;;;ASH_COATED_OSMIUM;XIRECS;9986.0;6;534200
-2;537900;;;ASH_COATED_OSMIUM;XIRECS;9985.0;10;537900
-2;539300;;;ASH_COATED_OSMIUM;XIRECS;10003.0;8;539300
-2;543700;;;ASH_COATED_OSMIUM;XIRECS;9984.0;6;543700
-2;543700;;;ASH_COATED_OSMIUM;XIRECS;9984.0;6;543700
-2;543900;;;ASH_COATED_OSMIUM;XIRECS;9984.0;2;543900
-2;545500;;;ASH_COATED_OSMIUM;XIRECS;9992.0;3;545500
-2;546300;;;ASH_COATED_OSMIUM;XIRECS;10001.0;3;546300
-2;547500;;;ASH_COATED_OSMIUM;XIRECS;9982.0;8;547500
-2;548400;;;ASH_COATED_OSMIUM;XIRECS;9979.0;9;548400
-2;549600;;;ASH_COATED_OSMIUM;XIRECS;9998.0;5;549600
-2;551300;;;ASH_COATED_OSMIUM;XIRECS;9984.0;5;551300
-2;554800;;;ASH_COATED_OSMIUM;XIRECS;9998.0;2;554800
-2;556700;;;ASH_COATED_OSMIUM;XIRECS;9984.0;6;556700
-2;557600;;;ASH_COATED_OSMIUM;XIRECS;9999.0;4;557600
-2;565000;;;ASH_COATED_OSMIUM;XIRECS;9999.0;4;565000
-2;566200;;;ASH_COATED_OSMIUM;XIRECS;9983.0;10;566200
-2;567300;;;ASH_COATED_OSMIUM;XIRECS;10001.0;8;567300
-2;571800;;;ASH_COATED_OSMIUM;XIRECS;9986.0;3;571800
-2;573700;;;ASH_COATED_OSMIUM;XIRECS;9988.0;10;573700
-2;573900;;;ASH_COATED_OSMIUM;XIRECS;10007.0;5;573900
-2;574500;;;ASH_COATED_OSMIUM;XIRECS;10007.0;6;574500
-2;578700;;;ASH_COATED_OSMIUM;XIRECS;9993.0;4;578700
-2;583300;;;ASH_COATED_OSMIUM;XIRECS;9987.0;6;583300
-2;587000;;;ASH_COATED_OSMIUM;XIRECS;9999.0;6;587000
-2;599500;;;ASH_COATED_OSMIUM;XIRECS;9996.0;3;599500
-2;606100;;;ASH_COATED_OSMIUM;XIRECS;9983.0;4;606100
-2;609300;;;ASH_COATED_OSMIUM;XIRECS;9983.0;6;609300
-2;610500;;;ASH_COATED_OSMIUM;XIRECS;9996.0;4;610500
-2;611500;;;ASH_COATED_OSMIUM;XIRECS;9986.0;8;611500
-2;612200;;;ASH_COATED_OSMIUM;XIRECS;10004.0;3;612200
-2;623800;;;ASH_COATED_OSMIUM;XIRECS;10003.0;5;623800
-2;624100;;;ASH_COATED_OSMIUM;XIRECS;9987.0;4;624100
-2;624700;;;ASH_COATED_OSMIUM;XIRECS;10004.0;4;624700
-2;635000;;;ASH_COATED_OSMIUM;XIRECS;10007.0;9;635000
-2;637400;;;ASH_COATED_OSMIUM;XIRECS;9989.0;2;637400
-2;638000;;;ASH_COATED_OSMIUM;XIRECS;9987.0;8;638000
-2;642800;;;ASH_COATED_OSMIUM;XIRECS;9988.0;6;642800
-2;644300;;;ASH_COATED_OSMIUM;XIRECS;10004.0;2;644300
-2;645800;;;ASH_COATED_OSMIUM;XIRECS;10005.0;10;645800
-2;648100;;;ASH_COATED_OSMIUM;XIRECS;10006.0;3;648100
-2;648300;;;ASH_COATED_OSMIUM;XIRECS;9988.0;10;648300
-2;648800;;;ASH_COATED_OSMIUM;XIRECS;10005.0;5;648800
-2;649200;;;ASH_COATED_OSMIUM;XIRECS;10005.0;4;649200
-2;653100;;;ASH_COATED_OSMIUM;XIRECS;10004.0;4;653100
-2;656500;;;ASH_COATED_OSMIUM;XIRECS;9990.0;9;656500
-2;657300;;;ASH_COATED_OSMIUM;XIRECS;9996.0;3;657300
-2;658600;;;ASH_COATED_OSMIUM;XIRECS;10006.0;2;658600
-2;659500;;;ASH_COATED_OSMIUM;XIRECS;9988.0;6;659500
-2;659700;;;ASH_COATED_OSMIUM;XIRECS;10007.0;5;659700
-2;660600;;;ASH_COATED_OSMIUM;XIRECS;10006.0;2;660600
-2;662300;;;ASH_COATED_OSMIUM;XIRECS;10005.0;3;662300
-2;664800;;;ASH_COATED_OSMIUM;XIRECS;9988.0;4;664800
-2;669700;;;ASH_COATED_OSMIUM;XIRECS;10005.0;10;669700
-2;671900;;;ASH_COATED_OSMIUM;XIRECS;9984.0;3;671900
-2;674700;;;ASH_COATED_OSMIUM;XIRECS;10003.0;5;674700
-2;679200;;;ASH_COATED_OSMIUM;XIRECS;9985.0;7;679200
-2;680000;;;ASH_COATED_OSMIUM;XIRECS;10004.0;6;680000
-2;687000;;;ASH_COATED_OSMIUM;XIRECS;10005.0;8;687000
-2;687900;;;ASH_COATED_OSMIUM;XIRECS;9990.0;4;687900
-2;694200;;;ASH_COATED_OSMIUM;XIRECS;9992.0;3;694200
-2;698100;;;ASH_COATED_OSMIUM;XIRECS;9991.0;2;698100
-2;699900;;;ASH_COATED_OSMIUM;XIRECS;9991.0;9;699900
-2;700600;;;ASH_COATED_OSMIUM;XIRECS;9991.0;3;700600
-2;706600;;;ASH_COATED_OSMIUM;XIRECS;10011.0;9;706600
-2;710100;;;ASH_COATED_OSMIUM;XIRECS;9992.0;3;710100
-2;710500;;;ASH_COATED_OSMIUM;XIRECS;10008.0;6;710500
-2;712400;;;ASH_COATED_OSMIUM;XIRECS;9991.0;5;712400
-2;713700;;;ASH_COATED_OSMIUM;XIRECS;9990.0;4;713700
-2;714000;;;ASH_COATED_OSMIUM;XIRECS;10004.0;7;714000
-2;715000;;;ASH_COATED_OSMIUM;XIRECS;9989.0;5;715000
-2;715700;;;ASH_COATED_OSMIUM;XIRECS;9998.0;3;715700
-2;721600;;;ASH_COATED_OSMIUM;XIRECS;10006.0;5;721600
-2;722300;;;ASH_COATED_OSMIUM;XIRECS;9990.0;5;722300
-2;722800;;;ASH_COATED_OSMIUM;XIRECS;10009.0;2;722800
-2;723600;;;ASH_COATED_OSMIUM;XIRECS;9991.0;6;723600
-2;729700;;;ASH_COATED_OSMIUM;XIRECS;10008.0;4;729700
-2;731100;;;ASH_COATED_OSMIUM;XIRECS;9988.0;3;731100
-2;735400;;;ASH_COATED_OSMIUM;XIRECS;9989.0;6;735400
-2;745600;;;ASH_COATED_OSMIUM;XIRECS;10006.0;2;745600
-2;750000;;;ASH_COATED_OSMIUM;XIRECS;9988.0;9;750000
-2;752600;;;ASH_COATED_OSMIUM;XIRECS;10003.0;6;752600
-2;752900;;;ASH_COATED_OSMIUM;XIRECS;9988.0;3;752900
-2;753100;;;ASH_COATED_OSMIUM;XIRECS;10005.0;7;753100
-2;753400;;;ASH_COATED_OSMIUM;XIRECS;10004.0;2;753400
-2;756700;;;ASH_COATED_OSMIUM;XIRECS;10004.0;7;756700
-2;756700;;;ASH_COATED_OSMIUM;XIRECS;10004.0;6;756700
-2;759200;;;ASH_COATED_OSMIUM;XIRECS;10005.0;2;759200
-2;759300;;;ASH_COATED_OSMIUM;XIRECS;9989.0;5;759300
-2;760600;;;ASH_COATED_OSMIUM;XIRECS;10005.0;5;760600
-2;762200;;;ASH_COATED_OSMIUM;XIRECS;10005.0;2;762200
-2;763400;;;ASH_COATED_OSMIUM;XIRECS;9989.0;2;763400
-2;764800;;;ASH_COATED_OSMIUM;XIRECS;9988.0;8;764800
-2;765200;;;ASH_COATED_OSMIUM;XIRECS;10003.0;5;765200
-2;768500;;;ASH_COATED_OSMIUM;XIRECS;10004.0;9;768500
-2;773100;;;ASH_COATED_OSMIUM;XIRECS;10005.0;6;773100
-2;774200;;;ASH_COATED_OSMIUM;XIRECS;9990.0;4;774200
-2;775300;;;ASH_COATED_OSMIUM;XIRECS;10005.0;5;775300
-2;776400;;;ASH_COATED_OSMIUM;XIRECS;9990.0;2;776400
-2;776700;;;ASH_COATED_OSMIUM;XIRECS;9989.0;6;776700
-2;777000;;;ASH_COATED_OSMIUM;XIRECS;10008.0;6;777000
-2;778400;;;ASH_COATED_OSMIUM;XIRECS;9995.0;5;778400
-2;786600;;;ASH_COATED_OSMIUM;XIRECS;9989.0;2;786600
-2;788400;;;ASH_COATED_OSMIUM;XIRECS;10003.0;5;788400
-2;790200;;;ASH_COATED_OSMIUM;XIRECS;9988.0;3;790200
-2;791700;;;ASH_COATED_OSMIUM;XIRECS;9987.0;2;791700
-2;792800;;;ASH_COATED_OSMIUM;XIRECS;10005.0;7;792800
-2;795100;;;ASH_COATED_OSMIUM;XIRECS;9987.0;3;795100
-2;796500;;;ASH_COATED_OSMIUM;XIRECS;9986.0;4;796500
-2;799600;;;ASH_COATED_OSMIUM;XIRECS;10006.0;7;799600
-2;800100;;;ASH_COATED_OSMIUM;XIRECS;9988.0;3;800100
-2;801800;;;ASH_COATED_OSMIUM;XIRECS;9987.0;2;801800
-2;803900;;;ASH_COATED_OSMIUM;XIRECS;9986.0;2;803900
-2;804900;;;ASH_COATED_OSMIUM;XIRECS;10003.0;5;804900
-2;808400;;;ASH_COATED_OSMIUM;XIRECS;10001.0;8;808400
-2;809500;;;ASH_COATED_OSMIUM;XIRECS;9999.0;3;809500
-2;814300;;;ASH_COATED_OSMIUM;XIRECS;10002.0;3;814300
-2;817900;;;ASH_COATED_OSMIUM;XIRECS;9988.0;10;817900
-2;821000;;;ASH_COATED_OSMIUM;XIRECS;9998.0;4;821000
-2;822700;;;ASH_COATED_OSMIUM;XIRECS;10005.0;7;822700
-2;830100;;;ASH_COATED_OSMIUM;XIRECS;9990.0;5;830100
-2;830500;;;ASH_COATED_OSMIUM;XIRECS;10009.0;6;830500
-2;830700;;;ASH_COATED_OSMIUM;XIRECS;9991.0;9;830700
-2;831800;;;ASH_COATED_OSMIUM;XIRECS;10011.0;2;831800
-2;832300;;;ASH_COATED_OSMIUM;XIRECS;10010.0;4;832300
-2;833300;;;ASH_COATED_OSMIUM;XIRECS;9996.0;8;833300
-2;834300;;;ASH_COATED_OSMIUM;XIRECS;10011.0;5;834300
-2;835200;;;ASH_COATED_OSMIUM;XIRECS;10011.0;2;835200
-2;836900;;;ASH_COATED_OSMIUM;XIRECS;9995.0;5;836900
-2;837000;;;ASH_COATED_OSMIUM;XIRECS;10014.0;4;837000
-2;840000;;;ASH_COATED_OSMIUM;XIRECS;10010.0;5;840000
-2;841100;;;ASH_COATED_OSMIUM;XIRECS;9995.0;5;841100
-2;842200;;;ASH_COATED_OSMIUM;XIRECS;9996.0;5;842200
-2;846300;;;ASH_COATED_OSMIUM;XIRECS;10011.0;5;846300
-2;850000;;;ASH_COATED_OSMIUM;XIRECS;9996.0;10;850000
-2;850600;;;ASH_COATED_OSMIUM;XIRECS;9992.0;3;850600
-2;851200;;;ASH_COATED_OSMIUM;XIRECS;10011.0;6;851200
-2;853400;;;ASH_COATED_OSMIUM;XIRECS;9993.0;4;853400
-2;858400;;;ASH_COATED_OSMIUM;XIRECS;9993.0;5;858400
-2;858600;;;ASH_COATED_OSMIUM;XIRECS;9993.0;5;858600
-2;858600;;;ASH_COATED_OSMIUM;XIRECS;9993.0;5;858600
-2;867300;;;ASH_COATED_OSMIUM;XIRECS;9997.0;8;867300
-2;874800;;;ASH_COATED_OSMIUM;XIRECS;10013.0;2;874800
-2;876400;;;ASH_COATED_OSMIUM;XIRECS;10013.0;2;876400
-2;878100;;;ASH_COATED_OSMIUM;XIRECS;10012.0;4;878100
-2;891300;;;ASH_COATED_OSMIUM;XIRECS;10008.0;10;891300
-2;892800;;;ASH_COATED_OSMIUM;XIRECS;10008.0;5;892800
-2;895700;;;ASH_COATED_OSMIUM;XIRECS;10010.0;4;895700
-2;898400;;;ASH_COATED_OSMIUM;XIRECS;9995.0;9;898400
-2;901700;;;ASH_COATED_OSMIUM;XIRECS;9993.0;3;901700
-2;902500;;;ASH_COATED_OSMIUM;XIRECS;9994.0;4;902500
-2;902700;;;ASH_COATED_OSMIUM;XIRECS;9995.0;3;902700
-2;903500;;;ASH_COATED_OSMIUM;XIRECS;9994.0;5;903500
-2;905800;;;ASH_COATED_OSMIUM;XIRECS;9995.0;2;905800
-2;906100;;;ASH_COATED_OSMIUM;XIRECS;10010.0;6;906100
-2;910600;;;ASH_COATED_OSMIUM;XIRECS;9994.0;7;910600
-2;914300;;;ASH_COATED_OSMIUM;XIRECS;9993.0;4;914300
-2;917400;;;ASH_COATED_OSMIUM;XIRECS;9994.0;5;917400
-2;923300;;;ASH_COATED_OSMIUM;XIRECS;10006.0;3;923300
-2;924600;;;ASH_COATED_OSMIUM;XIRECS;9996.0;3;924600
-2;931300;;;ASH_COATED_OSMIUM;XIRECS;10013.0;8;931300
-2;932500;;;ASH_COATED_OSMIUM;XIRECS;9995.0;8;932500
-2;933500;;;ASH_COATED_OSMIUM;XIRECS;10013.0;9;933500
-2;933700;;;ASH_COATED_OSMIUM;XIRECS;10012.0;6;933700
-2;936100;;;ASH_COATED_OSMIUM;XIRECS;9995.0;4;936100
-2;940100;;;ASH_COATED_OSMIUM;XIRECS;9999.0;10;940100
-2;940600;;;ASH_COATED_OSMIUM;XIRECS;9999.0;6;940600
-2;943100;;;ASH_COATED_OSMIUM;XIRECS;9999.0;6;943100
-2;943600;;;ASH_COATED_OSMIUM;XIRECS;10004.0;2;943600
-2;943900;;;ASH_COATED_OSMIUM;XIRECS;9998.0;5;943900
-2;946000;;;ASH_COATED_OSMIUM;XIRECS;9998.0;5;946000
-2;951300;;;ASH_COATED_OSMIUM;XIRECS;9995.0;6;951300
-2;956100;;;ASH_COATED_OSMIUM;XIRECS;10010.0;6;956100
-2;957400;;;ASH_COATED_OSMIUM;XIRECS;10006.0;4;957400
-2;959400;;;ASH_COATED_OSMIUM;XIRECS;10006.0;4;959400
-2;960200;;;ASH_COATED_OSMIUM;XIRECS;9989.0;6;960200
-2;963200;;;ASH_COATED_OSMIUM;XIRECS;10005.0;6;963200
-2;964800;;;ASH_COATED_OSMIUM;XIRECS;10006.0;6;964800
-2;966000;;;ASH_COATED_OSMIUM;XIRECS;9987.0;6;966000
-2;967000;;;ASH_COATED_OSMIUM;XIRECS;10004.0;8;967000
-2;973400;;;ASH_COATED_OSMIUM;XIRECS;9986.0;8;973400
-2;973700;;;ASH_COATED_OSMIUM;XIRECS;10002.0;2;973700
-2;974900;;;ASH_COATED_OSMIUM;XIRECS;9986.0;6;974900
-2;976500;;;ASH_COATED_OSMIUM;XIRECS;9985.0;6;976500
-2;977100;;;ASH_COATED_OSMIUM;XIRECS;10001.0;7;977100
-2;980800;;;ASH_COATED_OSMIUM;XIRECS;10000.0;3;980800
-2;988000;;;ASH_COATED_OSMIUM;XIRECS;9981.0;4;988000
-2;992000;;;ASH_COATED_OSMIUM;XIRECS;9983.0;4;992000
-2;994200;;;ASH_COATED_OSMIUM;XIRECS;10002.0;2;994200
-2;995300;;;ASH_COATED_OSMIUM;XIRECS;10001.0;6;995300
-1;1002800;;;ASH_COATED_OSMIUM;XIRECS;9985.0;10;2800
-1;1005200;;;ASH_COATED_OSMIUM;XIRECS;10004.0;6;5200
-1;1005200;;;ASH_COATED_OSMIUM;XIRECS;9986.0;9;5200
-1;1007500;;;ASH_COATED_OSMIUM;XIRECS;10003.0;6;7500
-1;1009000;;;ASH_COATED_OSMIUM;XIRECS;10004.0;10;9000
-1;1013000;;;ASH_COATED_OSMIUM;XIRECS;10005.0;2;13000
-1;1014600;;;ASH_COATED_OSMIUM;XIRECS;10007.0;5;14600
-1;1014900;;;ASH_COATED_OSMIUM;XIRECS;10007.0;5;14900
-1;1016600;;;ASH_COATED_OSMIUM;XIRECS;9992.0;2;16600
-1;1017200;;;ASH_COATED_OSMIUM;XIRECS;9994.0;5;17200
-1;1018700;;;ASH_COATED_OSMIUM;XIRECS;9998.0;5;18700
-1;1019300;;;ASH_COATED_OSMIUM;XIRECS;10008.0;3;19300
-1;1020900;;;ASH_COATED_OSMIUM;XIRECS;9992.0;2;20900
-1;1021500;;;ASH_COATED_OSMIUM;XIRECS;10008.0;6;21500
-1;1023100;;;ASH_COATED_OSMIUM;XIRECS;10010.0;5;23100
-1;1025300;;;ASH_COATED_OSMIUM;XIRECS;10008.0;6;25300
-1;1025900;;;ASH_COATED_OSMIUM;XIRECS;10009.0;6;25900
-1;1026300;;;ASH_COATED_OSMIUM;XIRECS;10008.0;9;26300
-1;1035900;;;ASH_COATED_OSMIUM;XIRECS;9992.0;2;35900
-1;1044700;;;ASH_COATED_OSMIUM;XIRECS;10008.0;5;44700
-1;1046700;;;ASH_COATED_OSMIUM;XIRECS;9992.0;6;46700
-1;1047600;;;ASH_COATED_OSMIUM;XIRECS;9993.0;4;47600
-1;1050300;;;ASH_COATED_OSMIUM;XIRECS;10008.0;4;50300
-1;1051200;;;ASH_COATED_OSMIUM;XIRECS;10006.0;7;51200
-1;1051700;;;ASH_COATED_OSMIUM;XIRECS;10009.0;2;51700
-1;1052800;;;ASH_COATED_OSMIUM;XIRECS;9990.0;5;52800
-1;1054200;;;ASH_COATED_OSMIUM;XIRECS;10004.0;6;54200
-1;1056500;;;ASH_COATED_OSMIUM;XIRECS;10005.0;6;56500
-1;1057200;;;ASH_COATED_OSMIUM;XIRECS;10001.0;3;57200
-1;1057700;;;ASH_COATED_OSMIUM;XIRECS;9996.0;8;57700
-1;1058000;;;ASH_COATED_OSMIUM;XIRECS;10006.0;3;58000
-1;1062000;;;ASH_COATED_OSMIUM;XIRECS;9989.0;3;62000
-1;1062400;;;ASH_COATED_OSMIUM;XIRECS;9991.0;2;62400
-1;1069900;;;ASH_COATED_OSMIUM;XIRECS;9991.0;8;69900
-1;1071300;;;ASH_COATED_OSMIUM;XIRECS;10007.0;6;71300
-1;1074000;;;ASH_COATED_OSMIUM;XIRECS;9993.0;3;74000
-1;1074200;;;ASH_COATED_OSMIUM;XIRECS;9991.0;2;74200
-1;1075700;;;ASH_COATED_OSMIUM;XIRECS;10010.0;4;75700
-1;1076600;;;ASH_COATED_OSMIUM;XIRECS;10010.0;4;76600
-1;1076900;;;ASH_COATED_OSMIUM;XIRECS;10010.0;4;76900
-1;1077300;;;ASH_COATED_OSMIUM;XIRECS;9993.0;5;77300
-1;1078000;;;ASH_COATED_OSMIUM;XIRECS;10011.0;2;78000
-1;1088400;;;ASH_COATED_OSMIUM;XIRECS;10010.0;4;88400
-1;1089700;;;ASH_COATED_OSMIUM;XIRECS;10013.0;8;89700
-1;1098200;;;ASH_COATED_OSMIUM;XIRECS;10007.0;9;98200
-1;1100500;;;ASH_COATED_OSMIUM;XIRECS;9990.0;5;100500
-1;1101100;;;ASH_COATED_OSMIUM;XIRECS;9990.0;2;101100
-1;1101900;;;ASH_COATED_OSMIUM;XIRECS;10006.0;6;101900
-1;1102000;;;ASH_COATED_OSMIUM;XIRECS;9988.0;2;102000
-1;1103000;;;ASH_COATED_OSMIUM;XIRECS;9992.0;5;103000
-1;1104800;;;ASH_COATED_OSMIUM;XIRECS;9992.0;6;104800
-1;1117400;;;ASH_COATED_OSMIUM;XIRECS;10007.0;9;117400
-1;1118100;;;ASH_COATED_OSMIUM;XIRECS;9991.0;3;118100
-1;1123500;;;ASH_COATED_OSMIUM;XIRECS;10008.0;6;123500
-1;1125500;;;ASH_COATED_OSMIUM;XIRECS;9988.0;10;125500
-1;1126600;;;ASH_COATED_OSMIUM;XIRECS;9988.0;6;126600
-1;1128900;;;ASH_COATED_OSMIUM;XIRECS;9987.0;3;128900
-1;1130100;;;ASH_COATED_OSMIUM;XIRECS;9986.0;2;130100
-1;1130400;;;ASH_COATED_OSMIUM;XIRECS;10002.0;6;130400
-1;1131300;;;ASH_COATED_OSMIUM;XIRECS;10003.0;10;131300
-1;1132100;;;ASH_COATED_OSMIUM;XIRECS;9988.0;3;132100
-1;1137700;;;ASH_COATED_OSMIUM;XIRECS;9989.0;3;137700
-1;1141100;;;ASH_COATED_OSMIUM;XIRECS;9991.0;3;141100
-1;1145800;;;ASH_COATED_OSMIUM;XIRECS;10009.0;10;145800
-1;1145900;;;ASH_COATED_OSMIUM;XIRECS;10012.0;9;145900
-1;1146600;;;ASH_COATED_OSMIUM;XIRECS;9994.0;2;146600
-1;1146700;;;ASH_COATED_OSMIUM;XIRECS;10009.0;7;146700
-1;1147300;;;ASH_COATED_OSMIUM;XIRECS;9993.0;6;147300
-1;1148400;;;ASH_COATED_OSMIUM;XIRECS;9994.0;6;148400
-1;1149000;;;ASH_COATED_OSMIUM;XIRECS;10009.0;3;149000
-1;1152000;;;ASH_COATED_OSMIUM;XIRECS;9992.0;2;152000
-1;1153700;;;ASH_COATED_OSMIUM;XIRECS;9994.0;5;153700
-1;1160700;;;ASH_COATED_OSMIUM;XIRECS;10008.0;7;160700
-1;1161400;;;ASH_COATED_OSMIUM;XIRECS;10009.0;9;161400
-1;1161900;;;ASH_COATED_OSMIUM;XIRECS;9993.0;6;161900
-1;1169400;;;ASH_COATED_OSMIUM;XIRECS;9989.0;2;169400
-1;1175500;;;ASH_COATED_OSMIUM;XIRECS;9993.0;6;175500
-1;1176900;;;ASH_COATED_OSMIUM;XIRECS;9992.0;2;176900
-1;1182500;;;ASH_COATED_OSMIUM;XIRECS;9994.0;10;182500
-1;1184500;;;ASH_COATED_OSMIUM;XIRECS;10011.0;6;184500
-1;1191400;;;ASH_COATED_OSMIUM;XIRECS;9996.0;6;191400
-1;1191600;;;ASH_COATED_OSMIUM;XIRECS;9996.0;6;191600
-1;1193500;;;ASH_COATED_OSMIUM;XIRECS;10002.0;3;193500
-1;1193700;;;ASH_COATED_OSMIUM;XIRECS;9994.0;3;193700
-1;1203200;;;ASH_COATED_OSMIUM;XIRECS;9991.0;6;203200
-1;1206100;;;ASH_COATED_OSMIUM;XIRECS;10009.0;4;206100
-1;1207700;;;ASH_COATED_OSMIUM;XIRECS;9990.0;5;207700
-1;1208500;;;ASH_COATED_OSMIUM;XIRECS;10009.0;4;208500
-1;1216000;;;ASH_COATED_OSMIUM;XIRECS;10008.0;4;216000
-1;1218000;;;ASH_COATED_OSMIUM;XIRECS;9995.0;3;218000
-1;1218600;;;ASH_COATED_OSMIUM;XIRECS;10010.0;4;218600
-1;1219900;;;ASH_COATED_OSMIUM;XIRECS;9991.0;6;219900
-1;1221000;;;ASH_COATED_OSMIUM;XIRECS;9995.0;8;221000
-1;1221700;;;ASH_COATED_OSMIUM;XIRECS;10011.0;10;221700
-1;1222000;;;ASH_COATED_OSMIUM;XIRECS;10011.0;4;222000
-1;1228800;;;ASH_COATED_OSMIUM;XIRECS;9993.0;3;228800
-1;1232900;;;ASH_COATED_OSMIUM;XIRECS;10011.0;3;232900
-1;1235800;;;ASH_COATED_OSMIUM;XIRECS;10013.0;3;235800
-1;1236300;;;ASH_COATED_OSMIUM;XIRECS;10010.0;4;236300
-1;1239500;;;ASH_COATED_OSMIUM;XIRECS;10011.0;7;239500
-1;1240800;;;ASH_COATED_OSMIUM;XIRECS;10012.0;6;240800
-1;1241800;;;ASH_COATED_OSMIUM;XIRECS;10010.0;3;241800
-1;1244200;;;ASH_COATED_OSMIUM;XIRECS;10010.0;5;244200
-1;1245100;;;ASH_COATED_OSMIUM;XIRECS;10012.0;7;245100
-1;1245800;;;ASH_COATED_OSMIUM;XIRECS;10009.0;6;245800
-1;1246400;;;ASH_COATED_OSMIUM;XIRECS;10010.0;4;246400
-1;1250800;;;ASH_COATED_OSMIUM;XIRECS;9992.0;5;250800
-1;1251100;;;ASH_COATED_OSMIUM;XIRECS;10001.0;3;251100
-1;1251700;;;ASH_COATED_OSMIUM;XIRECS;9992.0;10;251700
-1;1253300;;;ASH_COATED_OSMIUM;XIRECS;9992.0;7;253300
-1;1262200;;;ASH_COATED_OSMIUM;XIRECS;9994.0;2;262200
-1;1262300;;;ASH_COATED_OSMIUM;XIRECS;10010.0;3;262300
-1;1262400;;;ASH_COATED_OSMIUM;XIRECS;10010.0;6;262400
-1;1264100;;;ASH_COATED_OSMIUM;XIRECS;10010.0;6;264100
-1;1264200;;;ASH_COATED_OSMIUM;XIRECS;10009.0;5;264200
-1;1273500;;;ASH_COATED_OSMIUM;XIRECS;9999.0;4;273500
-1;1274200;;;ASH_COATED_OSMIUM;XIRECS;9989.0;6;274200
-1;1277500;;;ASH_COATED_OSMIUM;XIRECS;10005.0;5;277500
-1;1279800;;;ASH_COATED_OSMIUM;XIRECS;9992.0;4;279800
-1;1280500;;;ASH_COATED_OSMIUM;XIRECS;10006.0;5;280500
-1;1280700;;;ASH_COATED_OSMIUM;XIRECS;10008.0;5;280700
-1;1285200;;;ASH_COATED_OSMIUM;XIRECS;10007.0;6;285200
-1;1288100;;;ASH_COATED_OSMIUM;XIRECS;9989.0;5;288100
-1;1288700;;;ASH_COATED_OSMIUM;XIRECS;9989.0;10;288700
-1;1290500;;;ASH_COATED_OSMIUM;XIRECS;9988.0;6;290500
-1;1291800;;;ASH_COATED_OSMIUM;XIRECS;9986.0;6;291800
-1;1302900;;;ASH_COATED_OSMIUM;XIRECS;9993.0;7;302900
-1;1306200;;;ASH_COATED_OSMIUM;XIRECS;9992.0;9;306200
-1;1307800;;;ASH_COATED_OSMIUM;XIRECS;10011.0;6;307800
-1;1308100;;;ASH_COATED_OSMIUM;XIRECS;9995.0;3;308100
-1;1310200;;;ASH_COATED_OSMIUM;XIRECS;9996.0;7;310200
-1;1310300;;;ASH_COATED_OSMIUM;XIRECS;10002.0;5;310300
-1;1311400;;;ASH_COATED_OSMIUM;XIRECS;9996.0;7;311400
-1;1312600;;;ASH_COATED_OSMIUM;XIRECS;10012.0;2;312600
-1;1312900;;;ASH_COATED_OSMIUM;XIRECS;10001.0;5;312900
-1;1315000;;;ASH_COATED_OSMIUM;XIRECS;10012.0;5;315000
-1;1315300;;;ASH_COATED_OSMIUM;XIRECS;9997.0;9;315300
-1;1320700;;;ASH_COATED_OSMIUM;XIRECS;10013.0;10;320700
-1;1324600;;;ASH_COATED_OSMIUM;XIRECS;9999.0;3;324600
-1;1325900;;;ASH_COATED_OSMIUM;XIRECS;10018.0;3;325900
-1;1329600;;;ASH_COATED_OSMIUM;XIRECS;10016.0;3;329600
-1;1329700;;;ASH_COATED_OSMIUM;XIRECS;10016.0;2;329700
-1;1329900;;;ASH_COATED_OSMIUM;XIRECS;10000.0;8;329900
-1;1331400;;;ASH_COATED_OSMIUM;XIRECS;10000.0;5;331400
-1;1335700;;;ASH_COATED_OSMIUM;XIRECS;10016.0;7;335700
-1;1336000;;;ASH_COATED_OSMIUM;XIRECS;10016.0;5;336000
-1;1337000;;;ASH_COATED_OSMIUM;XIRECS;10019.0;10;337000
-1;1337400;;;ASH_COATED_OSMIUM;XIRECS;10015.0;2;337400
-1;1348700;;;ASH_COATED_OSMIUM;XIRECS;10013.0;8;348700
-1;1349700;;;ASH_COATED_OSMIUM;XIRECS;9992.0;6;349700
-1;1352100;;;ASH_COATED_OSMIUM;XIRECS;10011.0;4;352100
-1;1352300;;;ASH_COATED_OSMIUM;XIRECS;10011.0;2;352300
-1;1353900;;;ASH_COATED_OSMIUM;XIRECS;9993.0;5;353900
-1;1354300;;;ASH_COATED_OSMIUM;XIRECS;9989.0;5;354300
-1;1355200;;;ASH_COATED_OSMIUM;XIRECS;10007.0;7;355200
-1;1356300;;;ASH_COATED_OSMIUM;XIRECS;9998.0;4;356300
-1;1356400;;;ASH_COATED_OSMIUM;XIRECS;9992.0;5;356400
-1;1358000;;;ASH_COATED_OSMIUM;XIRECS;9997.0;4;358000
-1;1358400;;;ASH_COATED_OSMIUM;XIRECS;10007.0;10;358400
-1;1359000;;;ASH_COATED_OSMIUM;XIRECS;10008.0;3;359000
-1;1359900;;;ASH_COATED_OSMIUM;XIRECS;9992.0;9;359900
-1;1368500;;;ASH_COATED_OSMIUM;XIRECS;9993.0;3;368500
-1;1374200;;;ASH_COATED_OSMIUM;XIRECS;9993.0;10;374200
-1;1374400;;;ASH_COATED_OSMIUM;XIRECS;10009.0;8;374400
-1;1375600;;;ASH_COATED_OSMIUM;XIRECS;10008.0;4;375600
-1;1377100;;;ASH_COATED_OSMIUM;XIRECS;10008.0;6;377100
-1;1377300;;;ASH_COATED_OSMIUM;XIRECS;10009.0;8;377300
-1;1379500;;;ASH_COATED_OSMIUM;XIRECS;10013.0;10;379500
-1;1380900;;;ASH_COATED_OSMIUM;XIRECS;9996.0;4;380900
-1;1386500;;;ASH_COATED_OSMIUM;XIRECS;10011.0;5;386500
-1;1388100;;;ASH_COATED_OSMIUM;XIRECS;9994.0;8;388100
-1;1390900;;;ASH_COATED_OSMIUM;XIRECS;9995.0;2;390900
-1;1393600;;;ASH_COATED_OSMIUM;XIRECS;9997.0;10;393600
-1;1395100;;;ASH_COATED_OSMIUM;XIRECS;9999.0;2;395100
-1;1399200;;;ASH_COATED_OSMIUM;XIRECS;9999.0;4;399200
-1;1400700;;;ASH_COATED_OSMIUM;XIRECS;10015.0;4;400700
-1;1405700;;;ASH_COATED_OSMIUM;XIRECS;10010.0;4;405700
-1;1406300;;;ASH_COATED_OSMIUM;XIRECS;9992.0;7;406300
-1;1407500;;;ASH_COATED_OSMIUM;XIRECS;10012.0;5;407500
-1;1407600;;;ASH_COATED_OSMIUM;XIRECS;10009.0;8;407600
-1;1408000;;;ASH_COATED_OSMIUM;XIRECS;10009.0;2;408000
-1;1411700;;;ASH_COATED_OSMIUM;XIRECS;9993.0;10;411700
-1;1413100;;;ASH_COATED_OSMIUM;XIRECS;10010.0;7;413100
-1;1415200;;;ASH_COATED_OSMIUM;XIRECS;10012.0;5;415200
-1;1418300;;;ASH_COATED_OSMIUM;XIRECS;10009.0;5;418300
-1;1423400;;;ASH_COATED_OSMIUM;XIRECS;9994.0;6;423400
-1;1423900;;;ASH_COATED_OSMIUM;XIRECS;9995.0;2;423900
-1;1424300;;;ASH_COATED_OSMIUM;XIRECS;9994.0;6;424300
-1;1424400;;;ASH_COATED_OSMIUM;XIRECS;9994.0;6;424400
-1;1424900;;;ASH_COATED_OSMIUM;XIRECS;10009.0;3;424900
-1;1426300;;;ASH_COATED_OSMIUM;XIRECS;9991.0;4;426300
-1;1428300;;;ASH_COATED_OSMIUM;XIRECS;10010.0;5;428300
-1;1430400;;;ASH_COATED_OSMIUM;XIRECS;10004.0;4;430400
-1;1430900;;;ASH_COATED_OSMIUM;XIRECS;10014.0;5;430900
-1;1433200;;;ASH_COATED_OSMIUM;XIRECS;9996.0;4;433200
-1;1435200;;;ASH_COATED_OSMIUM;XIRECS;10013.0;6;435200
-1;1438600;;;ASH_COATED_OSMIUM;XIRECS;9998.0;8;438600
-1;1444300;;;ASH_COATED_OSMIUM;XIRECS;9997.0;3;444300
-1;1454100;;;ASH_COATED_OSMIUM;XIRECS;10014.0;6;454100
-1;1469000;;;ASH_COATED_OSMIUM;XIRECS;9993.0;2;469000
-1;1476700;;;ASH_COATED_OSMIUM;XIRECS;10010.0;9;476700
-1;1477600;;;ASH_COATED_OSMIUM;XIRECS;9993.0;10;477600
-1;1483900;;;ASH_COATED_OSMIUM;XIRECS;10009.0;4;483900
-1;1487100;;;ASH_COATED_OSMIUM;XIRECS;9994.0;3;487100
-1;1488600;;;ASH_COATED_OSMIUM;XIRECS;9992.0;9;488600
-1;1491600;;;ASH_COATED_OSMIUM;XIRECS;10010.0;2;491600
-1;1492600;;;ASH_COATED_OSMIUM;XIRECS;9995.0;5;492600
-1;1495600;;;ASH_COATED_OSMIUM;XIRECS;10013.0;6;495600
-1;1495800;;;ASH_COATED_OSMIUM;XIRECS;9997.0;9;495800
-1;1496100;;;ASH_COATED_OSMIUM;XIRECS;9997.0;3;496100
-1;1497700;;;ASH_COATED_OSMIUM;XIRECS;10001.0;5;497700
-1;1500000;;;ASH_COATED_OSMIUM;XIRECS;10011.0;5;500000
-1;1503500;;;ASH_COATED_OSMIUM;XIRECS;9994.0;4;503500
-1;1505900;;;ASH_COATED_OSMIUM;XIRECS;9993.0;4;505900
-1;1506600;;;ASH_COATED_OSMIUM;XIRECS;10009.0;6;506600
-1;1509900;;;ASH_COATED_OSMIUM;XIRECS;9995.0;2;509900
-1;1510400;;;ASH_COATED_OSMIUM;XIRECS;9995.0;6;510400
-1;1516600;;;ASH_COATED_OSMIUM;XIRECS;9996.0;4;516600
-1;1519100;;;ASH_COATED_OSMIUM;XIRECS;10012.0;5;519100
-1;1522400;;;ASH_COATED_OSMIUM;XIRECS;9995.0;5;522400
-1;1524200;;;ASH_COATED_OSMIUM;XIRECS;10012.0;10;524200
-1;1525200;;;ASH_COATED_OSMIUM;XIRECS;9995.0;5;525200
-1;1527900;;;ASH_COATED_OSMIUM;XIRECS;10011.0;5;527900
-1;1531800;;;ASH_COATED_OSMIUM;XIRECS;10013.0;5;531800
-1;1534100;;;ASH_COATED_OSMIUM;XIRECS;9994.0;2;534100
-1;1535800;;;ASH_COATED_OSMIUM;XIRECS;9994.0;5;535800
-1;1536000;;;ASH_COATED_OSMIUM;XIRECS;9994.0;4;536000
-1;1538800;;;ASH_COATED_OSMIUM;XIRECS;10006.0;5;538800
-1;1541900;;;ASH_COATED_OSMIUM;XIRECS;10007.0;5;541900
-1;1545000;;;ASH_COATED_OSMIUM;XIRECS;9991.0;6;545000
-1;1547600;;;ASH_COATED_OSMIUM;XIRECS;10006.0;2;547600
-1;1548100;;;ASH_COATED_OSMIUM;XIRECS;10009.0;4;548100
-1;1549600;;;ASH_COATED_OSMIUM;XIRECS;10005.0;10;549600
-1;1562200;;;ASH_COATED_OSMIUM;XIRECS;9989.0;2;562200
-1;1564800;;;ASH_COATED_OSMIUM;XIRECS;9987.0;4;564800
-1;1567700;;;ASH_COATED_OSMIUM;XIRECS;9989.0;4;567700
-1;1571600;;;ASH_COATED_OSMIUM;XIRECS;10008.0;5;571600
-1;1572700;;;ASH_COATED_OSMIUM;XIRECS;10008.0;3;572700
-1;1573000;;;ASH_COATED_OSMIUM;XIRECS;9991.0;5;573000
-1;1573400;;;ASH_COATED_OSMIUM;XIRECS;10007.0;3;573400
-1;1575700;;;ASH_COATED_OSMIUM;XIRECS;10008.0;3;575700
-1;1581000;;;ASH_COATED_OSMIUM;XIRECS;9989.0;6;581000
-1;1582600;;;ASH_COATED_OSMIUM;XIRECS;10007.0;4;582600
-1;1587000;;;ASH_COATED_OSMIUM;XIRECS;10008.0;6;587000
-1;1588200;;;ASH_COATED_OSMIUM;XIRECS;10002.0;4;588200
-1;1589500;;;ASH_COATED_OSMIUM;XIRECS;9992.0;3;589500
-1;1592100;;;ASH_COATED_OSMIUM;XIRECS;9992.0;5;592100
-1;1594000;;;ASH_COATED_OSMIUM;XIRECS;9989.0;6;594000
-1;1596100;;;ASH_COATED_OSMIUM;XIRECS;9990.0;9;596100
-1;1598000;;;ASH_COATED_OSMIUM;XIRECS;9990.0;6;598000
-1;1605600;;;ASH_COATED_OSMIUM;XIRECS;10008.0;5;605600
-1;1607000;;;ASH_COATED_OSMIUM;XIRECS;10008.0;2;607000
-1;1610200;;;ASH_COATED_OSMIUM;XIRECS;9994.0;8;610200
-1;1614900;;;ASH_COATED_OSMIUM;XIRECS;9995.0;5;614900
-1;1618000;;;ASH_COATED_OSMIUM;XIRECS;10010.0;6;618000
-1;1620400;;;ASH_COATED_OSMIUM;XIRECS;9994.0;6;620400
-1;1621900;;;ASH_COATED_OSMIUM;XIRECS;9994.0;2;621900
-1;1628200;;;ASH_COATED_OSMIUM;XIRECS;9994.0;4;628200
-1;1628500;;;ASH_COATED_OSMIUM;XIRECS;10010.0;7;628500
-1;1636500;;;ASH_COATED_OSMIUM;XIRECS;10013.0;6;636500
-1;1637800;;;ASH_COATED_OSMIUM;XIRECS;10013.0;5;637800
-1;1643800;;;ASH_COATED_OSMIUM;XIRECS;9996.0;5;643800
-1;1644200;;;ASH_COATED_OSMIUM;XIRECS;10013.0;5;644200
-1;1644600;;;ASH_COATED_OSMIUM;XIRECS;10013.0;8;644600
-1;1647000;;;ASH_COATED_OSMIUM;XIRECS;10014.0;4;647000
-1;1647400;;;ASH_COATED_OSMIUM;XIRECS;10015.0;5;647400
-1;1649900;;;ASH_COATED_OSMIUM;XIRECS;10015.0;6;649900
-1;1650300;;;ASH_COATED_OSMIUM;XIRECS;9996.0;9;650300
-1;1651300;;;ASH_COATED_OSMIUM;XIRECS;10015.0;6;651300
-1;1654500;;;ASH_COATED_OSMIUM;XIRECS;10015.0;5;654500
-1;1656300;;;ASH_COATED_OSMIUM;XIRECS;10004.0;7;656300
-1;1657400;;;ASH_COATED_OSMIUM;XIRECS;10016.0;5;657400
-1;1659600;;;ASH_COATED_OSMIUM;XIRECS;10001.0;4;659600
-1;1660400;;;ASH_COATED_OSMIUM;XIRECS;10017.0;2;660400
-1;1660400;;;ASH_COATED_OSMIUM;XIRECS;10001.0;7;660400
-1;1662400;;;ASH_COATED_OSMIUM;XIRECS;10001.0;5;662400
-1;1662500;;;ASH_COATED_OSMIUM;XIRECS;10016.0;3;662500
-1;1663100;;;ASH_COATED_OSMIUM;XIRECS;10017.0;6;663100
-1;1663200;;;ASH_COATED_OSMIUM;XIRECS;10016.0;4;663200
-1;1665400;;;ASH_COATED_OSMIUM;XIRECS;10001.0;8;665400
-1;1667100;;;ASH_COATED_OSMIUM;XIRECS;10018.0;3;667100
-1;1671500;;;ASH_COATED_OSMIUM;XIRECS;10003.0;5;671500
-1;1673400;;;ASH_COATED_OSMIUM;XIRECS;10007.0;3;673400
-1;1677400;;;ASH_COATED_OSMIUM;XIRECS;9999.0;8;677400
-1;1680400;;;ASH_COATED_OSMIUM;XIRECS;10017.0;6;680400
-1;1685300;;;ASH_COATED_OSMIUM;XIRECS;10016.0;6;685300
-1;1689700;;;ASH_COATED_OSMIUM;XIRECS;9998.0;6;689700
-1;1693400;;;ASH_COATED_OSMIUM;XIRECS;10014.0;8;693400
-1;1693900;;;ASH_COATED_OSMIUM;XIRECS;10015.0;6;693900
-1;1694100;;;ASH_COATED_OSMIUM;XIRECS;10016.0;8;694100
-1;1694300;;;ASH_COATED_OSMIUM;XIRECS;9995.0;2;694300
-1;1699500;;;ASH_COATED_OSMIUM;XIRECS;9996.0;6;699500
-1;1705000;;;ASH_COATED_OSMIUM;XIRECS;10005.0;2;705000
-1;1705600;;;ASH_COATED_OSMIUM;XIRECS;10013.0;3;705600
-1;1706200;;;ASH_COATED_OSMIUM;XIRECS;10011.0;6;706200
-1;1708200;;;ASH_COATED_OSMIUM;XIRECS;9995.0;10;708200
-1;1709100;;;ASH_COATED_OSMIUM;XIRECS;10013.0;2;709100
-1;1709900;;;ASH_COATED_OSMIUM;XIRECS;9992.0;5;709900
-1;1710200;;;ASH_COATED_OSMIUM;XIRECS;10008.0;4;710200
-1;1711100;;;ASH_COATED_OSMIUM;XIRECS;9990.0;3;711100
-1;1711900;;;ASH_COATED_OSMIUM;XIRECS;10006.0;7;711900
-1;1714600;;;ASH_COATED_OSMIUM;XIRECS;10009.0;6;714600
-1;1718200;;;ASH_COATED_OSMIUM;XIRECS;9994.0;7;718200
-1;1727200;;;ASH_COATED_OSMIUM;XIRECS;9991.0;9;727200
-1;1729400;;;ASH_COATED_OSMIUM;XIRECS;10007.0;10;729400
-1;1729500;;;ASH_COATED_OSMIUM;XIRECS;9991.0;4;729500
-1;1729500;;;ASH_COATED_OSMIUM;XIRECS;9991.0;6;729500
-1;1731900;;;ASH_COATED_OSMIUM;XIRECS;10008.0;5;731900
-1;1732800;;;ASH_COATED_OSMIUM;XIRECS;10008.0;2;732800
-1;1736300;;;ASH_COATED_OSMIUM;XIRECS;9986.0;10;736300
-1;1740000;;;ASH_COATED_OSMIUM;XIRECS;10005.0;2;740000
-1;1740200;;;ASH_COATED_OSMIUM;XIRECS;10005.0;9;740200
-1;1741500;;;ASH_COATED_OSMIUM;XIRECS;10005.0;2;741500
-1;1742300;;;ASH_COATED_OSMIUM;XIRECS;9987.0;6;742300
-1;1744200;;;ASH_COATED_OSMIUM;XIRECS;9995.0;4;744200
-1;1745200;;;ASH_COATED_OSMIUM;XIRECS;10000.0;10;745200
-1;1745600;;;ASH_COATED_OSMIUM;XIRECS;9985.0;6;745600
-1;1747500;;;ASH_COATED_OSMIUM;XIRECS;10003.0;2;747500
-1;1753100;;;ASH_COATED_OSMIUM;XIRECS;9985.0;4;753100
-1;1759900;;;ASH_COATED_OSMIUM;XIRECS;10001.0;6;759900
-1;1761900;;;ASH_COATED_OSMIUM;XIRECS;10002.0;9;761900
-1;1762800;;;ASH_COATED_OSMIUM;XIRECS;9997.0;8;762800
-1;1765800;;;ASH_COATED_OSMIUM;XIRECS;9994.0;4;765800
-1;1768500;;;ASH_COATED_OSMIUM;XIRECS;9993.0;2;768500
-1;1773000;;;ASH_COATED_OSMIUM;XIRECS;9992.0;2;773000
-1;1774300;;;ASH_COATED_OSMIUM;XIRECS;9995.0;9;774300
-1;1776200;;;ASH_COATED_OSMIUM;XIRECS;10010.0;4;776200
-1;1778300;;;ASH_COATED_OSMIUM;XIRECS;9994.0;5;778300
-1;1778600;;;ASH_COATED_OSMIUM;XIRECS;10009.0;7;778600
-1;1787800;;;ASH_COATED_OSMIUM;XIRECS;9992.0;3;787800
-1;1792100;;;ASH_COATED_OSMIUM;XIRECS;9987.0;9;792100
-1;1797000;;;ASH_COATED_OSMIUM;XIRECS;10003.0;2;797000
-1;1799500;;;ASH_COATED_OSMIUM;XIRECS;9988.0;2;799500
-1;1802300;;;ASH_COATED_OSMIUM;XIRECS;9986.0;6;802300
-1;1805500;;;ASH_COATED_OSMIUM;XIRECS;9986.0;8;805500
-1;1818800;;;ASH_COATED_OSMIUM;XIRECS;9988.0;2;818800
-1;1821700;;;ASH_COATED_OSMIUM;XIRECS;10004.0;6;821700
-1;1826700;;;ASH_COATED_OSMIUM;XIRECS;9982.0;6;826700
-1;1827600;;;ASH_COATED_OSMIUM;XIRECS;9982.0;2;827600
-1;1830500;;;ASH_COATED_OSMIUM;XIRECS;9998.0;3;830500
-1;1830600;;;ASH_COATED_OSMIUM;XIRECS;9998.0;7;830600
-1;1834000;;;ASH_COATED_OSMIUM;XIRECS;9992.0;3;834000
-1;1835100;;;ASH_COATED_OSMIUM;XIRECS;10005.0;3;835100
-1;1840600;;;ASH_COATED_OSMIUM;XIRECS;9988.0;2;840600
-1;1842600;;;ASH_COATED_OSMIUM;XIRECS;10004.0;3;842600
-1;1845900;;;ASH_COATED_OSMIUM;XIRECS;9989.0;9;845900
-1;1847200;;;ASH_COATED_OSMIUM;XIRECS;9989.0;3;847200
-1;1850900;;;ASH_COATED_OSMIUM;XIRECS;10004.0;5;850900
-1;1852400;;;ASH_COATED_OSMIUM;XIRECS;9986.0;5;852400
-1;1855000;;;ASH_COATED_OSMIUM;XIRECS;9989.0;4;855000
-1;1861700;;;ASH_COATED_OSMIUM;XIRECS;9990.0;3;861700
-1;1864700;;;ASH_COATED_OSMIUM;XIRECS;10008.0;6;864700
-1;1865200;;;ASH_COATED_OSMIUM;XIRECS;10006.0;5;865200
-1;1868300;;;ASH_COATED_OSMIUM;XIRECS;10008.0;4;868300
-1;1871400;;;ASH_COATED_OSMIUM;XIRECS;9995.0;9;871400
-1;1873900;;;ASH_COATED_OSMIUM;XIRECS;9992.0;5;873900
-1;1874900;;;ASH_COATED_OSMIUM;XIRECS;9992.0;7;874900
-1;1875600;;;ASH_COATED_OSMIUM;XIRECS;9992.0;4;875600
-1;1875800;;;ASH_COATED_OSMIUM;XIRECS;9992.0;6;875800
-1;1875900;;;ASH_COATED_OSMIUM;XIRECS;9992.0;6;875900
-1;1881900;;;ASH_COATED_OSMIUM;XIRECS;10012.0;10;881900
-1;1883100;;;ASH_COATED_OSMIUM;XIRECS;10010.0;2;883100
-1;1884800;;;ASH_COATED_OSMIUM;XIRECS;10010.0;8;884800
-1;1888100;;;ASH_COATED_OSMIUM;XIRECS;9991.0;6;888100
-1;1888200;;;ASH_COATED_OSMIUM;XIRECS;9994.0;5;888200
-1;1888600;;;ASH_COATED_OSMIUM;XIRECS;10010.0;2;888600
-1;1891300;;;ASH_COATED_OSMIUM;XIRECS;10003.0;3;891300
-1;1896700;;;ASH_COATED_OSMIUM;XIRECS;9993.0;3;896700
-1;1896900;;;ASH_COATED_OSMIUM;XIRECS;10011.0;10;896900
-1;1898000;;;ASH_COATED_OSMIUM;XIRECS;10009.0;10;898000
-1;1898800;;;ASH_COATED_OSMIUM;XIRECS;10008.0;4;898800
-1;1899100;;;ASH_COATED_OSMIUM;XIRECS;9992.0;9;899100
-1;1899600;;;ASH_COATED_OSMIUM;XIRECS;10008.0;5;899600
-1;1902700;;;ASH_COATED_OSMIUM;XIRECS;9987.0;4;902700
-1;1904100;;;ASH_COATED_OSMIUM;XIRECS;9991.0;3;904100
-1;1904700;;;ASH_COATED_OSMIUM;XIRECS;10005.0;6;904700
-1;1907700;;;ASH_COATED_OSMIUM;XIRECS;10007.0;5;907700
-1;1911300;;;ASH_COATED_OSMIUM;XIRECS;9990.0;6;911300
-1;1912500;;;ASH_COATED_OSMIUM;XIRECS;10007.0;5;912500
-1;1914500;;;ASH_COATED_OSMIUM;XIRECS;9986.0;10;914500
-1;1914700;;;ASH_COATED_OSMIUM;XIRECS;10006.0;5;914700
-1;1915600;;;ASH_COATED_OSMIUM;XIRECS;9990.0;5;915600
-1;1917100;;;ASH_COATED_OSMIUM;XIRECS;9990.0;6;917100
-1;1919000;;;ASH_COATED_OSMIUM;XIRECS;10005.0;3;919000
-1;1920000;;;ASH_COATED_OSMIUM;XIRECS;10006.0;5;920000
-1;1921500;;;ASH_COATED_OSMIUM;XIRECS;9989.0;4;921500
-1;1922500;;;ASH_COATED_OSMIUM;XIRECS;9988.0;5;922500
-1;1922600;;;ASH_COATED_OSMIUM;XIRECS;10008.0;3;922600
-1;1925200;;;ASH_COATED_OSMIUM;XIRECS;9989.0;2;925200
-1;1929800;;;ASH_COATED_OSMIUM;XIRECS;10004.0;3;929800
-1;1934300;;;ASH_COATED_OSMIUM;XIRECS;9990.0;6;934300
-1;1935000;;;ASH_COATED_OSMIUM;XIRECS;10007.0;5;935000
-1;1935200;;;ASH_COATED_OSMIUM;XIRECS;10005.0;3;935200
-1;1936400;;;ASH_COATED_OSMIUM;XIRECS;9987.0;3;936400
-1;1936400;;;ASH_COATED_OSMIUM;XIRECS;10006.0;6;936400
-1;1937900;;;ASH_COATED_OSMIUM;XIRECS;10006.0;2;937900
-1;1939300;;;ASH_COATED_OSMIUM;XIRECS;10006.0;2;939300
-1;1939400;;;ASH_COATED_OSMIUM;XIRECS;10008.0;3;939400
-1;1939900;;;ASH_COATED_OSMIUM;XIRECS;9990.0;4;939900
-1;1940300;;;ASH_COATED_OSMIUM;XIRECS;9990.0;6;940300
-1;1940900;;;ASH_COATED_OSMIUM;XIRECS;9991.0;9;940900
-1;1940900;;;ASH_COATED_OSMIUM;XIRECS;9991.0;4;940900
-1;1948900;;;ASH_COATED_OSMIUM;XIRECS;9995.0;4;948900
-1;1951500;;;ASH_COATED_OSMIUM;XIRECS;9996.0;6;951500
-1;1952000;;;ASH_COATED_OSMIUM;XIRECS;9995.0;6;952000
-1;1952900;;;ASH_COATED_OSMIUM;XIRECS;9992.0;9;952900
-1;1954500;;;ASH_COATED_OSMIUM;XIRECS;9995.0;5;954500
-1;1954800;;;ASH_COATED_OSMIUM;XIRECS;10010.0;5;954800
-1;1954800;;;ASH_COATED_OSMIUM;XIRECS;9994.0;7;954800
-1;1955200;;;ASH_COATED_OSMIUM;XIRECS;10010.0;6;955200
-1;1955300;;;ASH_COATED_OSMIUM;XIRECS;9995.0;6;955300
-1;1962100;;;ASH_COATED_OSMIUM;XIRECS;10015.0;5;962100
-1;1968200;;;ASH_COATED_OSMIUM;XIRECS;9995.0;3;968200
-1;1968700;;;ASH_COATED_OSMIUM;XIRECS;9994.0;6;968700
-1;1969300;;;ASH_COATED_OSMIUM;XIRECS;9995.0;3;969300
-1;1973300;;;ASH_COATED_OSMIUM;XIRECS;9994.0;2;973300
-1;1983900;;;ASH_COATED_OSMIUM;XIRECS;10012.0;7;983900
-1;1984200;;;ASH_COATED_OSMIUM;XIRECS;9996.0;2;984200
-1;1987100;;;ASH_COATED_OSMIUM;XIRECS;9996.0;6;987100
-1;1988000;;;ASH_COATED_OSMIUM;XIRECS;10011.0;6;988000
-1;1988100;;;ASH_COATED_OSMIUM;XIRECS;10011.0;8;988100
-1;1994100;;;ASH_COATED_OSMIUM;XIRECS;9993.0;10;994100
-1;1995800;;;ASH_COATED_OSMIUM;XIRECS;9993.0;6;995800
-1;1997100;;;ASH_COATED_OSMIUM;XIRECS;10009.0;6;997100
-1;1997800;;;ASH_COATED_OSMIUM;XIRECS;9994.0;5;997800
0;2006300;;;ASH_COATED_OSMIUM;XIRECS;10009.0;5;6300
0;2007000;;;ASH_COATED_OSMIUM;XIRECS;10008.0;4;7000
0;2007100;;;ASH_COATED_OSMIUM;XIRECS;10008.0;3;7100
0;2008600;;;ASH_COATED_OSMIUM;XIRECS;10008.0;5;8600
0;2009300;;;ASH_COATED_OSMIUM;XIRECS;9992.0;7;9300
0;2009700;;;ASH_COATED_OSMIUM;XIRECS;10009.0;5;9700
0;2012500;;;ASH_COATED_OSMIUM;XIRECS;10013.0;10;12500
0;2012600;;;ASH_COATED_OSMIUM;XIRECS;10011.0;9;12600
0;2017700;;;ASH_COATED_OSMIUM;XIRECS;10009.0;5;17700
0;2021200;;;ASH_COATED_OSMIUM;XIRECS;10008.0;10;21200
0;2022000;;;ASH_COATED_OSMIUM;XIRECS;9993.0;5;22000
0;2022700;;;ASH_COATED_OSMIUM;XIRECS;9994.0;9;22700
0;2023200;;;ASH_COATED_OSMIUM;XIRECS;9993.0;6;23200
0;2023600;;;ASH_COATED_OSMIUM;XIRECS;9990.0;6;23600
0;2024600;;;ASH_COATED_OSMIUM;XIRECS;10008.0;5;24600
0;2030100;;;ASH_COATED_OSMIUM;XIRECS;10009.0;5;30100
0;2031500;;;ASH_COATED_OSMIUM;XIRECS;9993.0;10;31500
0;2033800;;;ASH_COATED_OSMIUM;XIRECS;10010.0;4;33800
0;2035100;;;ASH_COATED_OSMIUM;XIRECS;9993.0;7;35100
0;2037300;;;ASH_COATED_OSMIUM;XIRECS;10008.0;7;37300
0;2040500;;;ASH_COATED_OSMIUM;XIRECS;10009.0;8;40500
0;2041100;;;ASH_COATED_OSMIUM;XIRECS;9993.0;6;41100
0;2041900;;;ASH_COATED_OSMIUM;XIRECS;9993.0;6;41900
0;2046300;;;ASH_COATED_OSMIUM;XIRECS;9992.0;4;46300
0;2052500;;;ASH_COATED_OSMIUM;XIRECS;10006.0;5;52500
0;2056500;;;ASH_COATED_OSMIUM;XIRECS;9985.0;2;56500
0;2058200;;;ASH_COATED_OSMIUM;XIRECS;10003.0;6;58200
0;2059500;;;ASH_COATED_OSMIUM;XIRECS;10002.0;5;59500
0;2060800;;;ASH_COATED_OSMIUM;XIRECS;10003.0;8;60800
0;2061800;;;ASH_COATED_OSMIUM;XIRECS;10005.0;5;61800
0;2062200;;;ASH_COATED_OSMIUM;XIRECS;9999.0;3;62200
0;2062300;;;ASH_COATED_OSMIUM;XIRECS;10005.0;2;62300
0;2062800;;;ASH_COATED_OSMIUM;XIRECS;10005.0;9;62800
0;2068000;;;ASH_COATED_OSMIUM;XIRECS;10005.0;5;68000
0;2071300;;;ASH_COATED_OSMIUM;XIRECS;9989.0;10;71300
0;2078300;;;ASH_COATED_OSMIUM;XIRECS;9994.0;2;78300
0;2079400;;;ASH_COATED_OSMIUM;XIRECS;10013.0;4;79400
0;2079600;;;ASH_COATED_OSMIUM;XIRECS;10010.0;5;79600
0;2081400;;;ASH_COATED_OSMIUM;XIRECS;10008.0;2;81400
0;2086800;;;ASH_COATED_OSMIUM;XIRECS;9991.0;10;86800
0;2089000;;;ASH_COATED_OSMIUM;XIRECS;10012.0;4;89000
0;2097500;;;ASH_COATED_OSMIUM;XIRECS;9990.0;6;97500
0;2097600;;;ASH_COATED_OSMIUM;XIRECS;10008.0;6;97600
0;2106900;;;ASH_COATED_OSMIUM;XIRECS;10010.0;7;106900
0;2111300;;;ASH_COATED_OSMIUM;XIRECS;9995.0;3;111300
0;2112200;;;ASH_COATED_OSMIUM;XIRECS;10010.0;2;112200
0;2116600;;;ASH_COATED_OSMIUM;XIRECS;9996.0;8;116600
0;2120700;;;ASH_COATED_OSMIUM;XIRECS;9996.0;5;120700
0;2120800;;;ASH_COATED_OSMIUM;XIRECS;10002.0;5;120800
0;2128900;;;ASH_COATED_OSMIUM;XIRECS;9999.0;3;128900
0;2132300;;;ASH_COATED_OSMIUM;XIRECS;10008.0;4;132300
0;2134100;;;ASH_COATED_OSMIUM;XIRECS;9991.0;2;134100
0;2137400;;;ASH_COATED_OSMIUM;XIRECS;9993.0;7;137400
0;2139000;;;ASH_COATED_OSMIUM;XIRECS;9994.0;7;139000
0;2139100;;;ASH_COATED_OSMIUM;XIRECS;10010.0;2;139100
0;2151400;;;ASH_COATED_OSMIUM;XIRECS;9991.0;6;151400
0;2153700;;;ASH_COATED_OSMIUM;XIRECS;9996.0;5;153700
0;2153800;;;ASH_COATED_OSMIUM;XIRECS;9996.0;5;153800
0;2157600;;;ASH_COATED_OSMIUM;XIRECS;9999.0;5;157600
0;2166700;;;ASH_COATED_OSMIUM;XIRECS;10016.0;6;166700
0;2167900;;;ASH_COATED_OSMIUM;XIRECS;10014.0;4;167900
0;2168000;;;ASH_COATED_OSMIUM;XIRECS;9998.0;8;168000
0;2168600;;;ASH_COATED_OSMIUM;XIRECS;9995.0;6;168600
0;2169500;;;ASH_COATED_OSMIUM;XIRECS;10013.0;5;169500
0;2171200;;;ASH_COATED_OSMIUM;XIRECS;9998.0;3;171200
0;2172200;;;ASH_COATED_OSMIUM;XIRECS;9995.0;2;172200
0;2180500;;;ASH_COATED_OSMIUM;XIRECS;10001.0;2;180500
0;2180600;;;ASH_COATED_OSMIUM;XIRECS;10001.0;5;180600
0;2186800;;;ASH_COATED_OSMIUM;XIRECS;10015.0;5;186800
0;2187700;;;ASH_COATED_OSMIUM;XIRECS;9999.0;2;187700
0;2191200;;;ASH_COATED_OSMIUM;XIRECS;10013.0;10;191200
0;2192800;;;ASH_COATED_OSMIUM;XIRECS;10013.0;3;192800
0;2193800;;;ASH_COATED_OSMIUM;XIRECS;9997.0;3;193800
0;2194400;;;ASH_COATED_OSMIUM;XIRECS;9997.0;4;194400
0;2198500;;;ASH_COATED_OSMIUM;XIRECS;10014.0;2;198500
0;2202000;;;ASH_COATED_OSMIUM;XIRECS;9996.0;2;202000
0;2204900;;;ASH_COATED_OSMIUM;XIRECS;10010.0;9;204900
0;2205800;;;ASH_COATED_OSMIUM;XIRECS;9999.0;5;205800
0;2207200;;;ASH_COATED_OSMIUM;XIRECS;10008.0;2;207200
0;2209800;;;ASH_COATED_OSMIUM;XIRECS;9989.0;9;209800
0;2210100;;;ASH_COATED_OSMIUM;XIRECS;10006.0;3;210100
0;2211000;;;ASH_COATED_OSMIUM;XIRECS;9990.0;8;211000
0;2212000;;;ASH_COATED_OSMIUM;XIRECS;9990.0;7;212000
0;2213500;;;ASH_COATED_OSMIUM;XIRECS;10005.0;5;213500
0;2214400;;;ASH_COATED_OSMIUM;XIRECS;9988.0;8;214400
0;2214600;;;ASH_COATED_OSMIUM;XIRECS;10007.0;6;214600
0;2219100;;;ASH_COATED_OSMIUM;XIRECS;9993.0;5;219100
0;2221300;;;ASH_COATED_OSMIUM;XIRECS;10009.0;10;221300
0;2224700;;;ASH_COATED_OSMIUM;XIRECS;9992.0;7;224700
0;2226400;;;ASH_COATED_OSMIUM;XIRECS;9991.0;5;226400
0;2230100;;;ASH_COATED_OSMIUM;XIRECS;10007.0;4;230100
0;2230600;;;ASH_COATED_OSMIUM;XIRECS;10008.0;7;230600
0;2233600;;;ASH_COATED_OSMIUM;XIRECS;9990.0;7;233600
0;2234200;;;ASH_COATED_OSMIUM;XIRECS;9989.0;6;234200
0;2235100;;;ASH_COATED_OSMIUM;XIRECS;10005.0;6;235100
0;2235800;;;ASH_COATED_OSMIUM;XIRECS;10004.0;5;235800
0;2238200;;;ASH_COATED_OSMIUM;XIRECS;9986.0;8;238200
0;2246200;;;ASH_COATED_OSMIUM;XIRECS;9986.0;3;246200
0;2249400;;;ASH_COATED_OSMIUM;XIRECS;9985.0;6;249400
0;2251000;;;ASH_COATED_OSMIUM;XIRECS;9985.0;4;251000
0;2251900;;;ASH_COATED_OSMIUM;XIRECS;10002.0;3;251900
0;2253600;;;ASH_COATED_OSMIUM;XIRECS;9985.0;3;253600
0;2255700;;;ASH_COATED_OSMIUM;XIRECS;10002.0;4;255700
0;2256000;;;ASH_COATED_OSMIUM;XIRECS;10003.0;5;256000
0;2257900;;;ASH_COATED_OSMIUM;XIRECS;10003.0;7;257900
0;2258200;;;ASH_COATED_OSMIUM;XIRECS;10003.0;3;258200
0;2258500;;;ASH_COATED_OSMIUM;XIRECS;9988.0;9;258500
0;2262400;;;ASH_COATED_OSMIUM;XIRECS;10007.0;10;262400
0;2266300;;;ASH_COATED_OSMIUM;XIRECS;10010.0;3;266300
0;2267000;;;ASH_COATED_OSMIUM;XIRECS;10009.0;5;267000
0;2268400;;;ASH_COATED_OSMIUM;XIRECS;9993.0;7;268400
0;2272000;;;ASH_COATED_OSMIUM;XIRECS;10014.0;3;272000
0;2273000;;;ASH_COATED_OSMIUM;XIRECS;9996.0;6;273000
0;2274000;;;ASH_COATED_OSMIUM;XIRECS;10011.0;3;274000
0;2276900;;;ASH_COATED_OSMIUM;XIRECS;10010.0;5;276900
0;2280600;;;ASH_COATED_OSMIUM;XIRECS;9994.0;6;280600
0;2282800;;;ASH_COATED_OSMIUM;XIRECS;9992.0;8;282800
0;2285700;;;ASH_COATED_OSMIUM;XIRECS;9997.0;10;285700
0;2287000;;;ASH_COATED_OSMIUM;XIRECS;10006.0;2;287000
0;2292000;;;ASH_COATED_OSMIUM;XIRECS;9991.0;7;292000
0;2293700;;;ASH_COATED_OSMIUM;XIRECS;10010.0;4;293700
0;2295400;;;ASH_COATED_OSMIUM;XIRECS;10008.0;10;295400
0;2298500;;;ASH_COATED_OSMIUM;XIRECS;10015.0;6;298500
0;2299900;;;ASH_COATED_OSMIUM;XIRECS;9996.0;4;299900
0;2302600;;;ASH_COATED_OSMIUM;XIRECS;10012.0;2;302600
0;2303200;;;ASH_COATED_OSMIUM;XIRECS;10010.0;8;303200
0;2305000;;;ASH_COATED_OSMIUM;XIRECS;9999.0;5;305000
0;2311500;;;ASH_COATED_OSMIUM;XIRECS;9993.0;10;311500
0;2313100;;;ASH_COATED_OSMIUM;XIRECS;10011.0;5;313100
0;2315300;;;ASH_COATED_OSMIUM;XIRECS;9995.0;5;315300
0;2318600;;;ASH_COATED_OSMIUM;XIRECS;9993.0;5;318600
0;2320400;;;ASH_COATED_OSMIUM;XIRECS;10015.0;7;320400
0;2321800;;;ASH_COATED_OSMIUM;XIRECS;9995.0;10;321800
0;2323700;;;ASH_COATED_OSMIUM;XIRECS;9995.0;6;323700
0;2325600;;;ASH_COATED_OSMIUM;XIRECS;9993.0;6;325600
0;2332900;;;ASH_COATED_OSMIUM;XIRECS;9995.0;5;332900
0;2335800;;;ASH_COATED_OSMIUM;XIRECS;9994.0;10;335800
0;2337100;;;ASH_COATED_OSMIUM;XIRECS;10012.0;8;337100
0;2340500;;;ASH_COATED_OSMIUM;XIRECS;10009.0;4;340500
0;2342900;;;ASH_COATED_OSMIUM;XIRECS;9995.0;9;342900
0;2350000;;;ASH_COATED_OSMIUM;XIRECS;10009.0;3;350000
0;2351800;;;ASH_COATED_OSMIUM;XIRECS;10010.0;5;351800
0;2352200;;;ASH_COATED_OSMIUM;XIRECS;9995.0;4;352200
0;2354400;;;ASH_COATED_OSMIUM;XIRECS;10010.0;3;354400
0;2360900;;;ASH_COATED_OSMIUM;XIRECS;10010.0;5;360900
0;2366200;;;ASH_COATED_OSMIUM;XIRECS;10012.0;5;366200
0;2366200;;;ASH_COATED_OSMIUM;XIRECS;10012.0;7;366200
0;2368900;;;ASH_COATED_OSMIUM;XIRECS;9999.0;5;368900
0;2376000;;;ASH_COATED_OSMIUM;XIRECS;10011.0;2;376000
0;2379500;;;ASH_COATED_OSMIUM;XIRECS;9993.0;9;379500
0;2379800;;;ASH_COATED_OSMIUM;XIRECS;9995.0;8;379800
0;2380200;;;ASH_COATED_OSMIUM;XIRECS;9994.0;5;380200
0;2380400;;;ASH_COATED_OSMIUM;XIRECS;9994.0;6;380400
0;2383300;;;ASH_COATED_OSMIUM;XIRECS;10009.0;8;383300
0;2384100;;;ASH_COATED_OSMIUM;XIRECS;9993.0;3;384100
0;2384800;;;ASH_COATED_OSMIUM;XIRECS;9993.0;7;384800
0;2388200;;;ASH_COATED_OSMIUM;XIRECS;10011.0;10;388200
0;2388500;;;ASH_COATED_OSMIUM;XIRECS;10011.0;7;388500
0;2389500;;;ASH_COATED_OSMIUM;XIRECS;9992.0;2;389500
0;2392200;;;ASH_COATED_OSMIUM;XIRECS;9992.0;4;392200
0;2398600;;;ASH_COATED_OSMIUM;XIRECS;10012.0;9;398600
0;2399300;;;ASH_COATED_OSMIUM;XIRECS;10011.0;5;399300
0;2401200;;;ASH_COATED_OSMIUM;XIRECS;10012.0;5;401200
0;2405700;;;ASH_COATED_OSMIUM;XIRECS;9993.0;6;405700
0;2407200;;;ASH_COATED_OSMIUM;XIRECS;10011.0;4;407200
0;2408200;;;ASH_COATED_OSMIUM;XIRECS;9992.0;6;408200
0;2409000;;;ASH_COATED_OSMIUM;XIRECS;9994.0;2;409000
0;2410100;;;ASH_COATED_OSMIUM;XIRECS;10010.0;3;410100
0;2410200;;;ASH_COATED_OSMIUM;XIRECS;10013.0;5;410200
0;2412500;;;ASH_COATED_OSMIUM;XIRECS;9992.0;7;412500
0;2413900;;;ASH_COATED_OSMIUM;XIRECS;10012.0;5;413900
0;2416000;;;ASH_COATED_OSMIUM;XIRECS;9999.0;2;416000
0;2422200;;;ASH_COATED_OSMIUM;XIRECS;10009.0;6;422200
0;2423200;;;ASH_COATED_OSMIUM;XIRECS;9993.0;6;423200
0;2424000;;;ASH_COATED_OSMIUM;XIRECS;10007.0;8;424000
0;2425300;;;ASH_COATED_OSMIUM;XIRECS;10008.0;4;425300
0;2425600;;;ASH_COATED_OSMIUM;XIRECS;10006.0;8;425600
0;2426000;;;ASH_COATED_OSMIUM;XIRECS;10007.0;7;426000
0;2430500;;;ASH_COATED_OSMIUM;XIRECS;9991.0;4;430500
0;2432600;;;ASH_COATED_OSMIUM;XIRECS;9991.0;6;432600
0;2435000;;;ASH_COATED_OSMIUM;XIRECS;10008.0;4;435000
0;2438900;;;ASH_COATED_OSMIUM;XIRECS;10011.0;5;438900
0;2439500;;;ASH_COATED_OSMIUM;XIRECS;9989.0;6;439500
0;2441100;;;ASH_COATED_OSMIUM;XIRECS;9993.0;3;441100
0;2441600;;;ASH_COATED_OSMIUM;XIRECS;10003.0;4;441600
0;2448900;;;ASH_COATED_OSMIUM;XIRECS;10010.0;5;448900
0;2454100;;;ASH_COATED_OSMIUM;XIRECS;9999.0;6;454100
0;2454400;;;ASH_COATED_OSMIUM;XIRECS;9999.0;8;454400
0;2460800;;;ASH_COATED_OSMIUM;XIRECS;9998.0;5;460800
0;2469200;;;ASH_COATED_OSMIUM;XIRECS;10014.0;3;469200
0;2470800;;;ASH_COATED_OSMIUM;XIRECS;10014.0;9;470800
0;2475200;;;ASH_COATED_OSMIUM;XIRECS;9995.0;6;475200
0;2477400;;;ASH_COATED_OSMIUM;XIRECS;10010.0;5;477400
0;2477900;;;ASH_COATED_OSMIUM;XIRECS;10008.0;3;477900
0;2478200;;;ASH_COATED_OSMIUM;XIRECS;10008.0;3;478200
0;2484300;;;ASH_COATED_OSMIUM;XIRECS;9988.0;9;484300
0;2485200;;;ASH_COATED_OSMIUM;XIRECS;9989.0;6;485200
0;2486400;;;ASH_COATED_OSMIUM;XIRECS;10009.0;5;486400
0;2489100;;;ASH_COATED_OSMIUM;XIRECS;9994.0;6;489100
0;2490700;;;ASH_COATED_OSMIUM;XIRECS;9993.0;3;490700
0;2496300;;;ASH_COATED_OSMIUM;XIRECS;9991.0;3;496300
0;2498300;;;ASH_COATED_OSMIUM;XIRECS;9993.0;7;498300
0;2501000;;;ASH_COATED_OSMIUM;XIRECS;9992.0;2;501000
0;2505400;;;ASH_COATED_OSMIUM;XIRECS;10011.0;5;505400
0;2506500;;;ASH_COATED_OSMIUM;XIRECS;10012.0;3;506500
0;2506800;;;ASH_COATED_OSMIUM;XIRECS;10000.0;2;506800
0;2515500;;;ASH_COATED_OSMIUM;XIRECS;9997.0;6;515500
0;2517700;;;ASH_COATED_OSMIUM;XIRECS;10003.0;3;517700
0;2520900;;;ASH_COATED_OSMIUM;XIRECS;10016.0;6;520900
0;2521700;;;ASH_COATED_OSMIUM;XIRECS;10015.0;5;521700
0;2522200;;;ASH_COATED_OSMIUM;XIRECS;9998.0;5;522200
0;2523600;;;ASH_COATED_OSMIUM;XIRECS;9997.0;9;523600
0;2525500;;;ASH_COATED_OSMIUM;XIRECS;10013.0;3;525500
0;2526000;;;ASH_COATED_OSMIUM;XIRECS;10013.0;7;526000
0;2526400;;;ASH_COATED_OSMIUM;XIRECS;10013.0;5;526400
0;2527700;;;ASH_COATED_OSMIUM;XIRECS;9994.0;3;527700
0;2531200;;;ASH_COATED_OSMIUM;XIRECS;10013.0;2;531200
0;2533800;;;ASH_COATED_OSMIUM;XIRECS;10015.0;4;533800
0;2534300;;;ASH_COATED_OSMIUM;XIRECS;10001.0;6;534300
0;2536800;;;ASH_COATED_OSMIUM;XIRECS;10019.0;2;536800
0;2537400;;;ASH_COATED_OSMIUM;XIRECS;10020.0;2;537400
0;2541000;;;ASH_COATED_OSMIUM;XIRECS;10021.0;6;541000
0;2544100;;;ASH_COATED_OSMIUM;XIRECS;10007.0;7;544100
0;2545400;;;ASH_COATED_OSMIUM;XIRECS;10023.0;2;545400
0;2546100;;;ASH_COATED_OSMIUM;XIRECS;10006.0;5;546100
0;2548100;;;ASH_COATED_OSMIUM;XIRECS;10026.0;9;548100
0;2548400;;;ASH_COATED_OSMIUM;XIRECS;10003.0;4;548400
0;2553700;;;ASH_COATED_OSMIUM;XIRECS;10003.0;5;553700
0;2557200;;;ASH_COATED_OSMIUM;XIRECS;10019.0;6;557200
0;2557600;;;ASH_COATED_OSMIUM;XIRECS;10021.0;6;557600
0;2560100;;;ASH_COATED_OSMIUM;XIRECS;10019.0;6;560100
0;2563900;;;ASH_COATED_OSMIUM;XIRECS;10000.0;3;563900
0;2564300;;;ASH_COATED_OSMIUM;XIRECS;10018.0;3;564300
0;2566300;;;ASH_COATED_OSMIUM;XIRECS;10018.0;5;566300
0;2567200;;;ASH_COATED_OSMIUM;XIRECS;10019.0;5;567200
0;2568500;;;ASH_COATED_OSMIUM;XIRECS;10012.0;5;568500
0;2573800;;;ASH_COATED_OSMIUM;XIRECS;10019.0;6;573800
0;2574600;;;ASH_COATED_OSMIUM;XIRECS;10001.0;9;574600
0;2575200;;;ASH_COATED_OSMIUM;XIRECS;10017.0;2;575200
0;2576900;;;ASH_COATED_OSMIUM;XIRECS;10000.0;10;576900
0;2579000;;;ASH_COATED_OSMIUM;XIRECS;10000.0;9;579000
0;2579400;;;ASH_COATED_OSMIUM;XIRECS;10016.0;5;579400
0;2580300;;;ASH_COATED_OSMIUM;XIRECS;10017.0;3;580300
0;2581300;;;ASH_COATED_OSMIUM;XIRECS;10000.0;4;581300
0;2583100;;;ASH_COATED_OSMIUM;XIRECS;9998.0;4;583100
0;2586600;;;ASH_COATED_OSMIUM;XIRECS;10015.0;6;586600
0;2587200;;;ASH_COATED_OSMIUM;XIRECS;9997.0;5;587200
0;2589200;;;ASH_COATED_OSMIUM;XIRECS;9994.0;2;589200
0;2591500;;;ASH_COATED_OSMIUM;XIRECS;10013.0;10;591500
0;2596200;;;ASH_COATED_OSMIUM;XIRECS;10014.0;7;596200
0;2603100;;;ASH_COATED_OSMIUM;XIRECS;10015.0;9;603100
0;2604700;;;ASH_COATED_OSMIUM;XIRECS;10013.0;6;604700
0;2607300;;;ASH_COATED_OSMIUM;XIRECS;9996.0;3;607300
0;2608300;;;ASH_COATED_OSMIUM;XIRECS;10011.0;8;608300
0;2609600;;;ASH_COATED_OSMIUM;XIRECS;10009.0;6;609600
0;2615100;;;ASH_COATED_OSMIUM;XIRECS;9993.0;3;615100
0;2616100;;;ASH_COATED_OSMIUM;XIRECS;10007.0;2;616100
0;2618800;;;ASH_COATED_OSMIUM;XIRECS;10009.0;10;618800
0;2619900;;;ASH_COATED_OSMIUM;XIRECS;9994.0;5;619900
0;2623900;;;ASH_COATED_OSMIUM;XIRECS;10014.0;3;623900
0;2624100;;;ASH_COATED_OSMIUM;XIRECS;9995.0;4;624100
0;2626000;;;ASH_COATED_OSMIUM;XIRECS;9993.0;2;626000
0;2626400;;;ASH_COATED_OSMIUM;XIRECS;10002.0;3;626400
0;2626700;;;ASH_COATED_OSMIUM;XIRECS;10008.0;4;626700
0;2630100;;;ASH_COATED_OSMIUM;XIRECS;10009.0;2;630100
0;2631200;;;ASH_COATED_OSMIUM;XIRECS;10010.0;9;631200
0;2632400;;;ASH_COATED_OSMIUM;XIRECS;9994.0;5;632400
0;2633900;;;ASH_COATED_OSMIUM;XIRECS;10004.0;2;633900
0;2634300;;;ASH_COATED_OSMIUM;XIRECS;10011.0;6;634300
0;2635100;;;ASH_COATED_OSMIUM;XIRECS;10010.0;6;635100
0;2638000;;;ASH_COATED_OSMIUM;XIRECS;10013.0;4;638000
0;2639500;;;ASH_COATED_OSMIUM;XIRECS;9995.0;7;639500
0;2639600;;;ASH_COATED_OSMIUM;XIRECS;9996.0;4;639600
0;2649200;;;ASH_COATED_OSMIUM;XIRECS;9999.0;3;649200
0;2649900;;;ASH_COATED_OSMIUM;XIRECS;9991.0;4;649900
0;2654200;;;ASH_COATED_OSMIUM;XIRECS;9990.0;5;654200
0;2654400;;;ASH_COATED_OSMIUM;XIRECS;9991.0;3;654400
0;2656900;;;ASH_COATED_OSMIUM;XIRECS;9996.0;5;656900
0;2657900;;;ASH_COATED_OSMIUM;XIRECS;10007.0;10;657900
0;2660600;;;ASH_COATED_OSMIUM;XIRECS;9984.0;6;660600
0;2665200;;;ASH_COATED_OSMIUM;XIRECS;9999.0;5;665200
0;2665700;;;ASH_COATED_OSMIUM;XIRECS;10000.0;8;665700
0;2667500;;;ASH_COATED_OSMIUM;XIRECS;9984.0;4;667500
0;2668100;;;ASH_COATED_OSMIUM;XIRECS;10000.0;3;668100
0;2670500;;;ASH_COATED_OSMIUM;XIRECS;10003.0;2;670500
0;2670800;;;ASH_COATED_OSMIUM;XIRECS;9987.0;9;670800
0;2674800;;;ASH_COATED_OSMIUM;XIRECS;10005.0;7;674800
0;2676700;;;ASH_COATED_OSMIUM;XIRECS;9984.0;5;676700
0;2680300;;;ASH_COATED_OSMIUM;XIRECS;9987.0;6;680300
0;2681500;;;ASH_COATED_OSMIUM;XIRECS;9983.0;3;681500
0;2682900;;;ASH_COATED_OSMIUM;XIRECS;10003.0;7;682900
0;2684100;;;ASH_COATED_OSMIUM;XIRECS;9987.0;8;684100
0;2684700;;;ASH_COATED_OSMIUM;XIRECS;9985.0;3;684700
0;2690800;;;ASH_COATED_OSMIUM;XIRECS;9983.0;5;690800
0;2693100;;;ASH_COATED_OSMIUM;XIRECS;10001.0;4;693100
0;2694700;;;ASH_COATED_OSMIUM;XIRECS;10001.0;8;694700
0;2696600;;;ASH_COATED_OSMIUM;XIRECS;10001.0;3;696600
0;2699600;;;ASH_COATED_OSMIUM;XIRECS;9997.0;9;699600
0;2708200;;;ASH_COATED_OSMIUM;XIRECS;9998.0;5;708200
0;2709600;;;ASH_COATED_OSMIUM;XIRECS;9999.0;2;709600
0;2709800;;;ASH_COATED_OSMIUM;XIRECS;9997.0;5;709800
0;2710100;;;ASH_COATED_OSMIUM;XIRECS;9997.0;7;710100
0;2721400;;;ASH_COATED_OSMIUM;XIRECS;9997.0;4;721400
0;2724600;;;ASH_COATED_OSMIUM;XIRECS;9995.0;2;724600
0;2728100;;;ASH_COATED_OSMIUM;XIRECS;9999.0;10;728100
0;2728400;;;ASH_COATED_OSMIUM;XIRECS;10000.0;9;728400
0;2729300;;;ASH_COATED_OSMIUM;XIRECS;10000.0;8;729300
0;2730000;;;ASH_COATED_OSMIUM;XIRECS;9999.0;2;730000
0;2731100;;;ASH_COATED_OSMIUM;XIRECS;9983.0;5;731100
0;2731200;;;ASH_COATED_OSMIUM;XIRECS;9983.0;7;731200
0;2732000;;;ASH_COATED_OSMIUM;XIRECS;9982.0;6;732000
0;2739900;;;ASH_COATED_OSMIUM;XIRECS;9981.0;4;739900
0;2743700;;;ASH_COATED_OSMIUM;XIRECS;9984.0;2;743700
0;2743700;;;ASH_COATED_OSMIUM;XIRECS;10003.0;8;743700
0;2745000;;;ASH_COATED_OSMIUM;XIRECS;10001.0;6;745000
0;2753500;;;ASH_COATED_OSMIUM;XIRECS;9988.0;7;753500
0;2755400;;;ASH_COATED_OSMIUM;XIRECS;9989.0;3;755400
0;2755800;;;ASH_COATED_OSMIUM;XIRECS;9989.0;2;755800
0;2756200;;;ASH_COATED_OSMIUM;XIRECS;9989.0;9;756200
0;2757100;;;ASH_COATED_OSMIUM;XIRECS;10006.0;6;757100
0;2759600;;;ASH_COATED_OSMIUM;XIRECS;10006.0;3;759600
0;2762600;;;ASH_COATED_OSMIUM;XIRECS;9990.0;7;762600
0;2765700;;;ASH_COATED_OSMIUM;XIRECS;9989.0;6;765700
0;2767500;;;ASH_COATED_OSMIUM;XIRECS;9995.0;3;767500
0;2767600;;;ASH_COATED_OSMIUM;XIRECS;10006.0;10;767600
0;2769400;;;ASH_COATED_OSMIUM;XIRECS;9991.0;6;769400
0;2769500;;;ASH_COATED_OSMIUM;XIRECS;9990.0;7;769500
0;2770200;;;ASH_COATED_OSMIUM;XIRECS;9988.0;5;770200
0;2773600;;;ASH_COATED_OSMIUM;XIRECS;9992.0;5;773600
0;2779300;;;ASH_COATED_OSMIUM;XIRECS;9988.0;4;779300
0;2780200;;;ASH_COATED_OSMIUM;XIRECS;9987.0;4;780200
0;2780800;;;ASH_COATED_OSMIUM;XIRECS;10006.0;6;780800
0;2781500;;;ASH_COATED_OSMIUM;XIRECS;10008.0;3;781500
0;2782400;;;ASH_COATED_OSMIUM;XIRECS;9987.0;4;782400
0;2782700;;;ASH_COATED_OSMIUM;XIRECS;10004.0;6;782700
0;2783400;;;ASH_COATED_OSMIUM;XIRECS;10005.0;2;783400
0;2784600;;;ASH_COATED_OSMIUM;XIRECS;10006.0;4;784600
0;2787100;;;ASH_COATED_OSMIUM;XIRECS;10008.0;4;787100
0;2788800;;;ASH_COATED_OSMIUM;XIRECS;9989.0;6;788800
0;2793200;;;ASH_COATED_OSMIUM;XIRECS;10005.0;4;793200
0;2794800;;;ASH_COATED_OSMIUM;XIRECS;9990.0;5;794800
0;2797200;;;ASH_COATED_OSMIUM;XIRECS;10004.0;10;797200
0;2797300;;;ASH_COATED_OSMIUM;XIRECS;10004.0;6;797300
0;2798000;;;ASH_COATED_OSMIUM;XIRECS;10006.0;3;798000
0;2802800;;;ASH_COATED_OSMIUM;XIRECS;10006.0;5;802800
0;2803300;;;ASH_COATED_OSMIUM;XIRECS;10006.0;10;803300
0;2804000;;;ASH_COATED_OSMIUM;XIRECS;9987.0;3;804000
0;2804400;;;ASH_COATED_OSMIUM;XIRECS;10009.0;4;804400
0;2805400;;;ASH_COATED_OSMIUM;XIRECS;10006.0;2;805400
0;2808300;;;ASH_COATED_OSMIUM;XIRECS;10010.0;5;808300
0;2808600;;;ASH_COATED_OSMIUM;XIRECS;9993.0;2;808600
0;2809300;;;ASH_COATED_OSMIUM;XIRECS;10011.0;5;809300
0;2812300;;;ASH_COATED_OSMIUM;XIRECS;9991.0;2;812300
0;2812600;;;ASH_COATED_OSMIUM;XIRECS;10010.0;2;812600
0;2814300;;;ASH_COATED_OSMIUM;XIRECS;9994.0;5;814300
0;2815000;;;ASH_COATED_OSMIUM;XIRECS;9994.0;4;815000
0;2821100;;;ASH_COATED_OSMIUM;XIRECS;9995.0;9;821100
0;2830800;;;ASH_COATED_OSMIUM;XIRECS;9995.0;9;830800
0;2831100;;;ASH_COATED_OSMIUM;XIRECS;10012.0;4;831100
0;2842100;;;ASH_COATED_OSMIUM;XIRECS;10012.0;5;842100
0;2843800;;;ASH_COATED_OSMIUM;XIRECS;10013.0;4;843800
0;2852800;;;ASH_COATED_OSMIUM;XIRECS;10007.0;5;852800
0;2853100;;;ASH_COATED_OSMIUM;XIRECS;9996.0;5;853100
0;2854000;;;ASH_COATED_OSMIUM;XIRECS;10014.0;6;854000
0;2856500;;;ASH_COATED_OSMIUM;XIRECS;9992.0;5;856500
0;2860600;;;ASH_COATED_OSMIUM;XIRECS;9992.0;2;860600
0;2861400;;;ASH_COATED_OSMIUM;XIRECS;9993.0;4;861400
0;2861600;;;ASH_COATED_OSMIUM;XIRECS;10009.0;2;861600
0;2864000;;;ASH_COATED_OSMIUM;XIRECS;10007.0;3;864000
0;2864600;;;ASH_COATED_OSMIUM;XIRECS;9990.0;3;864600
0;2871900;;;ASH_COATED_OSMIUM;XIRECS;10009.0;5;871900
0;2872600;;;ASH_COATED_OSMIUM;XIRECS;9991.0;3;872600
0;2875700;;;ASH_COATED_OSMIUM;XIRECS;9988.0;10;875700
0;2880100;;;ASH_COATED_OSMIUM;XIRECS;9992.0;3;880100
0;2881300;;;ASH_COATED_OSMIUM;XIRECS;9991.0;4;881300
0;2882400;;;ASH_COATED_OSMIUM;XIRECS;10007.0;5;882400
0;2883800;;;ASH_COATED_OSMIUM;XIRECS;10006.0;5;883800
0;2885400;;;ASH_COATED_OSMIUM;XIRECS;9988.0;2;885400
0;2885600;;;ASH_COATED_OSMIUM;XIRECS;10006.0;4;885600
0;2890500;;;ASH_COATED_OSMIUM;XIRECS;9988.0;5;890500
0;2891900;;;ASH_COATED_OSMIUM;XIRECS;10008.0;6;891900
0;2892800;;;ASH_COATED_OSMIUM;XIRECS;9989.0;6;892800
0;2903100;;;ASH_COATED_OSMIUM;XIRECS;10011.0;10;903100
0;2908600;;;ASH_COATED_OSMIUM;XIRECS;10006.0;4;908600
0;2920200;;;ASH_COATED_OSMIUM;XIRECS;10003.0;4;920200
0;2922300;;;ASH_COATED_OSMIUM;XIRECS;10001.0;6;922300
0;2923500;;;ASH_COATED_OSMIUM;XIRECS;10017.0;8;923500
0;2924900;;;ASH_COATED_OSMIUM;XIRECS;10000.0;2;924900
0;2924900;;;ASH_COATED_OSMIUM;XIRECS;10016.0;5;924900
0;2927400;;;ASH_COATED_OSMIUM;XIRECS;9996.0;9;927400
0;2928900;;;ASH_COATED_OSMIUM;XIRECS;10015.0;2;928900
0;2929200;;;ASH_COATED_OSMIUM;XIRECS;10004.0;4;929200
0;2930200;;;ASH_COATED_OSMIUM;XIRECS;9997.0;3;930200
0;2933000;;;ASH_COATED_OSMIUM;XIRECS;10017.0;9;933000
0;2934300;;;ASH_COATED_OSMIUM;XIRECS;10015.0;2;934300
0;2941400;;;ASH_COATED_OSMIUM;XIRECS;10014.0;6;941400
0;2942800;;;ASH_COATED_OSMIUM;XIRECS;10013.0;6;942800
0;2944500;;;ASH_COATED_OSMIUM;XIRECS;10015.0;10;944500
0;2950000;;;ASH_COATED_OSMIUM;XIRECS;10019.0;4;950000
0;2964900;;;ASH_COATED_OSMIUM;XIRECS;10004.0;2;964900
0;2966200;;;ASH_COATED_OSMIUM;XIRECS;10003.0;5;966200
0;2972600;;;ASH_COATED_OSMIUM;XIRECS;10002.0;3;972600
0;2974300;;;ASH_COATED_OSMIUM;XIRECS;10018.0;4;974300
0;2980200;;;ASH_COATED_OSMIUM;XIRECS;10000.0;4;980200
0;2987400;;;ASH_COATED_OSMIUM;XIRECS;10016.0;9;987400
0;2990400;;;ASH_COATED_OSMIUM;XIRECS;10006.0;2;990400
0;2991600;;;ASH_COATED_OSMIUM;XIRECS;10018.0;5;991600
0;2993100;;;ASH_COATED_OSMIUM;XIRECS;10017.0;3;993100
0;2993400;;;ASH_COATED_OSMIUM;XIRECS;10000.0;3;993400
0;2998000;;;ASH_COATED_OSMIUM;XIRECS;10000.0;6;998000
0;2998400;;;ASH_COATED_OSMIUM;XIRECS;9999.0;5;998400
